,trial,date,rat_num,session,name_new,name_old,dat_path
0,05022023_rat_s1_n01_1l,2023-05-02,1,1l,05022023_rat_s1_n01_1l-0,05022023_rat_s1_n_1,
1,05032023_rat_s1_n01_1l,2023-05-03,1,1l,05032023_rat_s1_n01_1l-0,05032023_rat_s1_n_1,
2,05042023_rat_s1_n01_1l,2023-05-04,1,1l,05042023_rat_s1_n01_1l-0,05042023_rat_s1_n_1,
3,05052023_rat_s1_n01_1l,2023-05-05,1,1l,05052023_rat_s1_n01_1l-0,05052023_rat_s1_n_1,
4,05062023_rat_s1_n01_1l,2023-05-06,1,1l,05062023_rat_s1_n01_1l-0,05062023_rat_s1_n_1,
5,05072023_rat_s1_n01_1l,2023-05-07,1,1l,05072023_rat_s1_n01_1l-0,05072023_rat_s1_n_1,
6,05072023_rat_s1_n01_2d,2023-05-07,1,2d,05072023_rat_s1_n01_2d-0,05072023_rat_s1_n_1_d,
7,05082023_rat_s1_n01_1l,2023-05-08,1,1l,05082023_rat_s1_n01_1l-0,05082023_rat_s1_n_1,
8,05082023_rat_s1_n02_1l,2023-05-08,2,1l,05082023_rat_s1_n02_1l-0,05082023_rat_s1_n_2,
9,05092023_rat_s1_n02_1l,2023-05-09,2,1l,05092023_rat_s1_n02_1l-0,05092023_rat_s1_n_2,
10,05092023_rat_s1_n01_1l,2023-05-09,1,1l,05092023_rat_s1_n01_1l-0,05092023_rat_s1_n_1,
11,05092023_rat_s1_n01_2d,2023-05-09,1,2d,05092023_rat_s1_n01_2d-0,05092023_rat_s1_n_1_d,
12,05102023_rat_s1_n02_1l,2023-05-10,2,1l,05102023_rat_s1_n02_1l-0,05102023_rat_s1_n_2,
13,05102023_rat_s1_n01_1l,2023-05-10,1,1l,05102023_rat_s1_n01_1l-0,05102023_rat_s1_n_1,2023-05-10_12-10-07/Record Node 101/experiment1/recording1/continuous/Acquisition_Board-100.Rhythm Data
14,05102023_rat_s1_n01_2d,2023-05-10,1,2d,05102023_rat_s1_n01_2d-0,05102023_rat_s1_n_1_d,2023-05-10_12-10-07/Record Node 101/experiment1/recording2/continuous/Acquisition_Board-100.Rhythm Data
15,05102023_rat_s1_n01_3l,2023-05-10,1,3l,05102023_rat_s1_n01_3l-0,05102023_rat_s1_n_1_2,2023-05-10_12-10-07/Record Node 101/experiment1/recording3/continuous/Acquisition_Board-100.Rhythm Data
16,05102023_rat_s1_n02_1l,2023-05-10,2,1l,05102023_rat_s1_n02_1l-0,05102023_rat_s1_n_2_1,2023-05-10_12-42-33/Record Node 101/experiment1/recording1/continuous/Acquisition_Board-100.Rhythm Data
17,05102023_rat_s1_n02_1l,2023-05-10,2,1l,05102023_rat_s1_n02_1l-1,05102023_rat_s1_n_2_1-1,2023-05-10_12-42-33/Record Node 101/experiment1/recording1/continuous/Acquisition_Board-100.Rhythm Data
18,05102023_rat_s1_n02_1l,2023-05-10,2,1l,05102023_rat_s1_n02_1l-2,05102023_rat_s1_n_2_1-2,2023-05-10_12-42-33/Record Node 101/experiment1/recording1/continuous/Acquisition_Board-100.Rhythm Data
19,05102023_rat_s1_n02_2d,2023-05-10,2,2d,05102023_rat_s1_n02_2d-0,05102023_rat_s1_n_2_d,2023-05-10_12-42-33/Record Node 101/experiment1/recording2/continuous/Acquisition_Board-100.Rhythm Data
20,05102023_rat_s1_n02_3l,2023-05-10,2,3l,05102023_rat_s1_n02_3l-0,05102023_rat_s1_n_2_2,2023-05-10_12-42-33/Record Node 101/experiment1/recording3/continuous/Acquisition_Board-100.Rhythm Data
21,05112023_rat_s1_n01_1l,2023-05-11,1,1l,05112023_rat_s1_n01_1l-0,05112023_rat_s1_n_1,2023-05-11_09-52-34/Record Node 101/experiment1/recording1/continuous/Acquisition_Board-100.Rhythm Data
22,05112023_rat_s1_n01_2d,2023-05-11,1,2d,05112023_rat_s1_n01_2d-0,05112023_rat_s1_n_1_d,2023-05-11_09-52-34/Record Node 101/experiment1/recording2/continuous/Acquisition_Board-100.Rhythm Data
23,05112023_rat_s1_n01_3l,2023-05-11,1,3l,05112023_rat_s1_n01_3l-0,05112023_rat_s1_n_1_2,2023-05-11_09-52-34/Record Node 101/experiment1/recording3/continuous/Acquisition_Board-100.Rhythm Data
24,05112023_rat_s1_n02_1l,2023-05-11,2,1l,05112023_rat_s1_n02_1l-0,05112023_rat_s1_n_2,2023-05-11_10-31-38/Record Node 101/experiment1/recording1/continuous/Acquisition_Board-100.Rhythm Data
25,05112023_rat_s1_n02_2d,2023-05-11,2,2d,05112023_rat_s1_n02_2d-0,05112023_rat_s1_n_2_d,2023-05-11_10-31-38/Record Node 101/experiment1/recording2/continuous/Acquisition_Board-100.Rhythm Data
26,05112023_rat_s1_n02_2d,2023-05-11,2,2d,05112023_rat_s1_n02_2d-1,05112023_rat_s1_n_2_d-2,2023-05-11_10-31-38/Record Node 101/experiment1/recording2/continuous/Acquisition_Board-100.Rhythm Data
27,05112023_rat_s1_n02_3l,2023-05-11,2,3l,05112023_rat_s1_n02_3l-0,05112023_rat_s1_n_2_2,2023-05-11_10-31-38/Record Node 101/experiment1/recording3/continuous/Acquisition_Board-100.Rhythm Data
28,05122023_rat_s1_n01_1l,2023-05-12,1,1l,05122023_rat_s1_n01_1l-0,05122023_rat_s1_n_1,2023-05-12_11-50-44/Record Node 101/experiment1/recording1/continuous/Acquisition_Board-100.Rhythm Data
29,05122023_rat_s1_n01_2d,2023-05-12,1,2d,05122023_rat_s1_n01_2d-0,05122023_rat_s1_n_1_d,2023-05-12_11-50-44/Record Node 101/experiment1/recording2/continuous/Acquisition_Board-100.Rhythm Data
30,05122023_rat_s1_n01_3l,2023-05-12,1,3l,05122023_rat_s1_n01_3l-0,05122023_rat_s1_n_1_2,2023-05-12_11-50-44/Record Node 101/experiment1/recording3/continuous/Acquisition_Board-100.Rhythm Data
31,05122023_rat_s1_n02_1l,2023-05-12,2,1l,05122023_rat_s1_n02_1l-0,05122023_rat_s1_n_2,2023-05-12_12-50-06/Record Node 101/experiment1/recording1/continuous/Acquisition_Board-100.Rhythm Data
32,05122023_rat_s1_n02_1l,2023-05-12,2,1l,05122023_rat_s1_n02_1l-0,05122023_rat_s1_n_2-1,2023-05-12_12-50-06/Record Node 101/experiment1/recording1/continuous/Acquisition_Board-100.Rhythm Data
33,05122023_rat_s1_n03_1l,2023-05-12,3,1l,05122023_rat_s1_n03_1l-0,05122023_rat_s1_n_3,2023-05-12_12-59-39/Record Node 101/experiment1/recording1/continuous/Acquisition_Board-100.Rhythm Data
34,05132023_rat_s1_n01_1l,2023-05-13,1,1l,05132023_rat_s1_n01_1l-0,05132023_rat_s1_n_1,2023-05-13_12-48-03/Record Node 101/experiment1/recording1/continuous/Acquisition_Board-100.Rhythm Data
35,05132023_rat_s1_n01_2d,2023-05-13,1,2d,05132023_rat_s1_n01_2d-0,05132023_rat_s1_n_1_d,2023-05-13_12-48-03/Record Node 101/experiment1/recording2/continuous/Acquisition_Board-100.Rhythm Data
36,05132023_rat_s1_n01_3l,2023-05-13,1,3l,05132023_rat_s1_n01_3l-0,05132023_rat_s1_n_1_2,2023-05-13_12-48-03/Record Node 101/experiment1/recording3/continuous/Acquisition_Board-100.Rhythm Data
37,05132023_rat_s1_n02_1l,2023-05-13,2,1l,05132023_rat_s1_n02_1l-0,05132023_rat_s1_n_2,2023-05-13_13-26-08/Record Node 101/experiment1/recording1/continuous/Acquisition_Board-100.Rhythm Data
38,05132023_rat_s1_n02_2d,2023-05-13,2,2d,05132023_rat_s1_n02_2d-0,05132023_rat_s1_n_2_d,2023-05-13_13-26-08/Record Node 101/experiment1/recording2/continuous/Acquisition_Board-100.Rhythm Data
39,05132023_rat_s1_n02_3l,2023-05-13,2,3l,05132023_rat_s1_n02_3l-0,05132023_rat_s1_n_2_2,2023-05-13_13-26-08/Record Node 101/experiment1/recording3/continuous/Acquisition_Board-100.Rhythm Data
40,05152023_rat_s1_n01_1l,2023-05-15,1,1l,05152023_rat_s1_n01_1l-0,05152023_rat_s1_n_1,2023-05-15_11-14-23/Record Node 101/experiment1/recording1/continuous/Acquisition_Board-100.Rhythm Data
41,05152023_rat_s1_n01_2d,2023-05-15,1,2d,05152023_rat_s1_n01_2d-0,05152023_rat_s1_n_1_d,2023-05-15_11-14-23/Record Node 101/experiment1/recording2/continuous/Acquisition_Board-100.Rhythm Data
42,05152023_rat_s1_n01_3l,2023-05-15,1,3l,05152023_rat_s1_n01_3l-0,05152023_rat_s1_n_1_2,2023-05-15_11-14-23/Record Node 101/experiment1/recording3/continuous/Acquisition_Board-100.Rhythm Data
43,05152023_rat_s1_n02_1l,2023-05-15,2,1l,05152023_rat_s1_n02_1l-0,05152023_rat_s1_n_2,2023-05-15_12-04-52/Record Node 101/experiment1/recording1/continuous/Acquisition_Board-100.Rhythm Data
44,05152023_rat_s1_n02_2d,2023-05-15,2,2d,05152023_rat_s1_n02_2d-0,05152023_rat_s1_n_2_d,2023-05-15_12-04-52/Record Node 101/experiment1/recording2/continuous/Acquisition_Board-100.Rhythm Data
45,05152023_rat_s1_n02_3l,2023-05-15,2,3l,05152023_rat_s1_n02_3l-0,05152023_rat_s1_n_2_2,2023-05-15_12-04-52/Record Node 101/experiment1/recording3/continuous/Acquisition_Board-100.Rhythm Data
46,05152023_rat_s1_n03_1l,2023-05-15,3,1l,05152023_rat_s1_n03_1l-0,05152023_rat_s1_n_3,2023-05-15_12-43-38/Record Node 101/experiment1/recording1/continuous/Acquisition_Board-100.Rhythm Data
47,05152023_rat_s1_n03_2d,2023-05-15,3,2d,05152023_rat_s1_n03_2d-0,05152023_rat_s1_n_3_d,2023-05-15_12-43-38/Record Node 101/experiment1/recording2/continuous/Acquisition_Board-100.Rhythm Data
48,05152023_rat_s1_n03_3l,2023-05-15,3,3l,05152023_rat_s1_n03_3l-0,05152023_rat_s1_n_3_2,2023-05-15_12-43-38/Record Node 101/experiment1/recording3/continuous/Acquisition_Board-100.Rhythm Data
49,05162023_rat_s1_n01_1l,2023-05-16,1,1l,05162023_rat_s1_n01_1l-0,05162023_rat_s1_n_1,2023-05-16_13-07-40/Record Node 101/experiment1/recording1/continuous/Acquisition_Board-100.Rhythm Data
50,05162023_rat_s1_n01_2d,2023-05-16,1,2d,05162023_rat_s1_n01_2d-0,05162023_rat_s1_n_1_d,2023-05-16_13-07-40/Record Node 101/experiment1/recording2/continuous/Acquisition_Board-100.Rhythm Data
51,05162023_rat_s1_n01_3l,2023-05-16,1,3l,05162023_rat_s1_n01_3l-0,05162023_rat_s1_n_1_2,2023-05-16_13-07-40/Record Node 101/experiment1/recording3/continuous/Acquisition_Board-100.Rhythm Data
52,05162023_rat_s1_n02_1l,2023-05-16,2,1l,05162023_rat_s1_n02_1l-0,05162023_rat_s1_n_2,2023-05-16_13-49-43/Record Node 101/experiment1/recording1/continuous/Acquisition_Board-100.Rhythm Data
53,05162023_rat_s1_n02_1l,2023-05-16,2,1l,05162023_rat_s1_n02_1l-1,05162023_rat_s1_n_2-2,2023-05-16_13-49-43/Record Node 101/experiment1/recording1/continuous/Acquisition_Board-100.Rhythm Data
54,05162023_rat_s1_n02_2d,2023-05-16,2,2d,05162023_rat_s1_n02_2d-0,05162023_rat_s1_n_2_d,2023-05-16_13-49-43/Record Node 101/experiment1/recording2/continuous/Acquisition_Board-100.Rhythm Data
55,05162023_rat_s1_n02_3l,2023-05-16,2,3l,05162023_rat_s1_n02_3l-0,05162023_rat_s1_n_2_2,2023-05-16_13-49-43/Record Node 101/experiment1/recording3/continuous/Acquisition_Board-100.Rhythm Data
56,05162023_rat_s1_n03_1l,2023-05-16,3,1l,05162023_rat_s1_n03_1l-0,05162023_rat_s1_n_3,2023-05-16_14-26-04/Record Node 101/experiment1/recording1/continuous/Acquisition_Board-100.Rhythm Data
57,05162023_rat_s1_n03_2d,2023-05-16,3,2d,05162023_rat_s1_n03_2d-0,05162023_rat_s1_n_3_d,2023-05-16_14-26-04/Record Node 101/experiment1/recording2/continuous/Acquisition_Board-100.Rhythm Data
58,05162023_rat_s1_n03_3l,2023-05-16,3,3l,05162023_rat_s1_n03_3l-0,05162023_rat_s1_n_3_2,2023-05-16_14-26-04/Record Node 101/experiment1/recording3/continuous/Acquisition_Board-100.Rhythm Data
59,05172023_rat_s1_n02_1l,2023-05-17,2,1l,05172023_rat_s1_n02_1l-0,05172023_rat_s1_n_2,2023-05-17_15-23-51/Record Node 101/experiment1/recording1/continuous/Acquisition_Board-100.Rhythm Data
60,05172023_rat_s1_n02_2d,2023-05-17,2,2d,05172023_rat_s1_n02_2d-0,05172023_rat_s1_n_2_d,2023-05-17_15-23-51/Record Node 101/experiment1/recording2/continuous/Acquisition_Board-100.Rhythm Data
61,05172023_rat_s1_n02_3l,2023-05-17,2,3l,05172023_rat_s1_n02_3l-0,05172023_rat_s1_n_2_2,2023-05-17_15-23-51/Record Node 101/experiment1/recording3/continuous/Acquisition_Board-100.Rhythm Data
62,05172023_rat_s1_n03_1l,2023-05-17,3,1l,05172023_rat_s1_n03_1l-0,05172023_rat_s1_n_3,2023-05-17_16-03-38/Record Node 101/experiment1/recording1/continuous/Acquisition_Board-100.Rhythm Data
63,05172023_rat_s1_n03_2d,2023-05-17,3,2d,05172023_rat_s1_n03_2d-0,05172023_rat_s1_n_3_d,2023-05-17_16-03-38/Record Node 101/experiment1/recording2/continuous/Acquisition_Board-100.Rhythm Data
64,05172023_rat_s1_n03_3l,2023-05-17,3,3l,05172023_rat_s1_n03_3l-0,05172023_rat_s1_n_3_2,2023-05-17_16-03-38/Record Node 101/experiment1/recording3/continuous/Acquisition_Board-100.Rhythm Data
65,05182023_rat_s1_n01_1l,2023-05-18,1,1l,05182023_rat_s1_n01_1l-0,05182023_rat_s1_n_1,2023-05-18_14-12-28/Record Node 101/experiment1/recording1/continuous/Acquisition_Board-100.Rhythm Data
66,05182023_rat_s1_n01_2d,2023-05-18,1,2d,05182023_rat_s1_n01_2d-0,05182023_rat_s1_n_1_d,2023-05-18_14-12-28/Record Node 101/experiment1/recording2/continuous/Acquisition_Board-100.Rhythm Data
67,05182023_rat_s1_n01_3l,2023-05-18,1,3l,05182023_rat_s1_n01_3l-0,05182023_rat_s1_n_1_2,2023-05-18_14-12-28/Record Node 101/experiment1/recording3/continuous/Acquisition_Board-100.Rhythm Data
68,05182023_rat_s1_n02_1l,2023-05-18,2,1l,05182023_rat_s1_n02_1l-0,05182023_rat_s1_n_2,2023-05-18_14-58-33/Record Node 101/experiment1/recording1/continuous/Acquisition_Board-100.Rhythm Data
69,05182023_rat_s1_n02_2d,2023-05-18,2,2d,05182023_rat_s1_n02_2d-0,05182023_rat_s1_n_2_d,2023-05-18_14-58-33/Record Node 101/experiment1/recording2/continuous/Acquisition_Board-100.Rhythm Data
70,05182023_rat_s1_n02_3l,2023-05-18,2,3l,05182023_rat_s1_n02_3l-0,05182023_rat_s1_n_2_2,2023-05-18_14-58-33/Record Node 101/experiment1/recording3/continuous/Acquisition_Board-100.Rhythm Data
71,05182023_rat_s1_n03_1l,2023-05-18,3,1l,05182023_rat_s1_n03_1l-0,05182023_rat_s1_n_3,2023-05-18_16-50-56/Record Node 101/experiment1/recording1/continuous/Acquisition_Board-100.Rhythm Data
72,05182023_rat_s1_n03_2d,2023-05-18,3,2d,05182023_rat_s1_n03_2d-0,05182023_rat_s1_n_3_d,2023-05-18_16-50-56/Record Node 101/experiment1/recording2/continuous/Acquisition_Board-100.Rhythm Data
73,05182023_rat_s1_n03_3l,2023-05-18,3,3l,05182023_rat_s1_n03_3l-0,05182023_rat_s1_n_3_2,2023-05-18_16-50-56/Record Node 101/experiment1/recording3/continuous/Acquisition_Board-100.Rhythm Data
74,05182023_rat_s1_n04_1l,2023-05-18,4,1l,05182023_rat_s1_n04_1l-0,05182023_rat_s1_n_4,2023-05-18_17-26-09/Record Node 101/experiment1/recording1/continuous/Acquisition_Board-100.Rhythm Data
75,05182023_rat_s1_n04_2d,2023-05-18,4,2d,05182023_rat_s1_n04_2d-0,05182023_rat_s1_n_4_d,2023-05-18_17-26-09/Record Node 101/experiment1/recording2/continuous/Acquisition_Board-100.Rhythm Data
76,05182023_rat_s1_n04_3l,2023-05-18,4,3l,05182023_rat_s1_n04_3l-0,05182023_rat_s1_n_4_2,2023-05-18_17-26-09/Record Node 101/experiment1/recording3/continuous/Acquisition_Board-100.Rhythm Data
77,05182023_rat_s1_n05_1l,2023-05-18,5,1l,05182023_rat_s1_n05_1l-0,05182023_rat_s1_n_5,2023-05-18_18-06-22/Record Node 101/experiment1/recording1/continuous/Acquisition_Board-100.Rhythm Data
78,05192023_rat_s1_n01_1l,2023-05-19,1,1l,05192023_rat_s1_n01_1l-0,05192023_rat_s1_n_1,2023-05-19_14-10-31/Record Node 101/experiment1/recording1/continuous/Acquisition_Board-100.Rhythm Data
79,05192023_rat_s1_n01_1l,2023-05-19,1,1l,05192023_rat_s1_n01_1l-1,05192023_rat_s1_n_1-2,2023-05-19_14-10-31/Record Node 101/experiment2/recording1/continuous/Acquisition_Board-100.Rhythm Data
80,05192023_rat_s1_n01_2d,2023-05-19,1,2d,05192023_rat_s1_n01_2d-0,05192023_rat_s1_n_1_d,2023-05-19_14-10-31/Record Node 101/experiment2/recording2/continuous/Acquisition_Board-100.Rhythm Data
81,05192023_rat_s1_n01_3l,2023-05-19,1,3l,05192023_rat_s1_n01_3l-0,05192023_rat_s1_n_1_2,2023-05-19_14-10-31/Record Node 101/experiment2/recording3/continuous/Acquisition_Board-100.Rhythm Data
82,05192023_rat_s1_n02_1l,2023-05-19,2,1l,05192023_rat_s1_n02_1l-0,05192023_rat_s1_n_2,2023-05-19_14-52-08/Record Node 101/experiment1/recording1/continuous/Acquisition_Board-100.Rhythm Data
83,05192023_rat_s1_n02_2d,2023-05-19,2,2d,05192023_rat_s1_n02_2d-0,05192023_rat_s1_n_2_d,2023-05-19_14-52-08/Record Node 101/experiment1/recording2/continuous/Acquisition_Board-100.Rhythm Data
84,05192023_rat_s1_n02_3l,2023-05-19,2,3l,05192023_rat_s1_n02_3l-0,05192023_rat_s1_n_2_2,2023-05-19_14-52-08/Record Node 101/experiment1/recording3/continuous/Acquisition_Board-100.Rhythm Data
85,05192023_rat_s1_n03_1l,2023-05-19,3,1l,05192023_rat_s1_n03_1l-0,05192023_rat_s1_n_3,2023-05-19_15-32-55/Record Node 101/experiment1/recording1/continuous/Acquisition_Board-100.Rhythm Data
86,05192023_rat_s1_n03_2d,2023-05-19,3,2d,05192023_rat_s1_n03_2d-0,05192023_rat_s1_n_3_d,2023-05-19_15-32-55/Record Node 101/experiment1/recording2/continuous/Acquisition_Board-100.Rhythm Data
87,05192023_rat_s1_n03_3l,2023-05-19,3,3l,05192023_rat_s1_n03_3l-0,05192023_rat_s1_n_3_2,2023-05-19_15-32-55/Record Node 101/experiment1/recording3/continuous/Acquisition_Board-100.Rhythm Data
88,05192023_rat_s1_n04_1l,2023-05-19,4,1l,05192023_rat_s1_n04_1l-0,05192023_rat_s1_n_4,2023-05-19_16-09-43/Record Node 101/experiment1/recording1/continuous/Acquisition_Board-100.Rhythm Data
89,05192023_rat_s1_n04_2d,2023-05-19,4,2d,05192023_rat_s1_n04_2d-0,05192023_rat_s1_n_4_d,2023-05-19_16-09-43/Record Node 101/experiment1/recording2/continuous/Acquisition_Board-100.Rhythm Data
90,05192023_rat_s1_n05_1l,2023-05-19,5,1l,05192023_rat_s1_n05_1l-0,05192023_rat_s1_n_5,2023-05-19_16-28-24/Record Node 101/experiment1/recording1/continuous/Acquisition_Board-100.Rhythm Data
91,05192023_rat_s1_n05_2d,2023-05-19,5,2d,05192023_rat_s1_n05_2d-0,05192023_rat_s1_n_5_d,2023-05-19_16-28-24/Record Node 101/experiment1/recording2/continuous/Acquisition_Board-100.Rhythm Data
92,05202023_rat_s1_n01_1l,2023-05-20,1,1l,05202023_rat_s1_n01_1l-0,05202023_rat_s1_n_1,2023-05-20_09-56-50/Record Node 101/experiment1/recording1/continuous/Acquisition_Board-100.Rhythm Data
93,05202023_rat_s1_n01_1l,2023-05-20,1,1l,05202023_rat_s1_n01_1l-1,05202023_rat_s1_n_1-2,2023-05-20_09-56-50/Record Node 101/experiment1/recording1/continuous/Acquisition_Board-100.Rhythm Data
94,05202023_rat_s1_n01_1l,2023-05-20,1,1l,05202023_rat_s1_n01_1l-2,05202023_rat_s1_n_1-3,2023-05-20_09-56-50/Record Node 101/experiment1/recording1/continuous/Acquisition_Board-100.Rhythm Data
95,05202023_rat_s1_n01_1l,2023-05-20,1,1l,05202023_rat_s1_n01_1l-3,05202023_rat_s1_n_1-4,2023-05-20_09-56-50/Record Node 101/experiment1/recording1/continuous/Acquisition_Board-100.Rhythm Data
96,05202023_rat_s1_n01_2d,2023-05-20,1,2d,05202023_rat_s1_n01_2d-0,05202023_rat_s1_n_1_d,2023-05-20_09-56-50/Record Node 101/experiment1/recording2/continuous/Acquisition_Board-100.Rhythm Data
97,05202023_rat_s1_n01_3l,2023-05-20,1,3l,05202023_rat_s1_n01_3l-0,05202023_rat_s1_n_1_2,2023-05-20_09-56-50/Record Node 101/experiment1/recording3/continuous/Acquisition_Board-100.Rhythm Data
98,05202023_rat_s1_n02_1l,2023-05-20,2,1l,05202023_rat_s1_n02_1l-0,05202023_rat_s1_n_2,2023-05-20_10-38-18/Record Node 101/experiment1/recording1/continuous/Acquisition_Board-100.Rhythm Data
99,05202023_rat_s1_n02_2d,2023-05-20,2,2d,05202023_rat_s1_n02_2d-0,05202023_rat_s1_n_2_d,2023-05-20_10-38-18/Record Node 101/experiment1/recording2/continuous/Acquisition_Board-100.Rhythm Data
100,05202023_rat_s1_n02_3l,2023-05-20,2,3l,05202023_rat_s1_n02_3l-0,05202023_rat_s1_n_2_2,2023-05-20_10-38-18/Record Node 101/experiment1/recording3/continuous/Acquisition_Board-100.Rhythm Data
101,05202023_rat_s1_n03_1l,2023-05-20,3,1l,05202023_rat_s1_n03_1l-0,05202023_rat_s1_n_3,2023-05-20_11-13-34/Record Node 101/experiment1/recording1/continuous/Acquisition_Board-100.Rhythm Data
102,05202023_rat_s1_n03_2d,2023-05-20,3,2d,05202023_rat_s1_n03_2d-0,05202023_rat_s1_n_3_d,2023-05-20_11-13-34/Record Node 101/experiment1/recording2/continuous/Acquisition_Board-100.Rhythm Data
103,05202023_rat_s1_n03_3l,2023-05-20,3,3l,05202023_rat_s1_n03_3l-0,05202023_rat_s1_n_3_2,2023-05-20_11-13-34/Record Node 101/experiment1/recording3/continuous/Acquisition_Board-100.Rhythm Data
104,05202023_rat_s1_n03_3l,2023-05-20,3,3l,05202023_rat_s1_n03_3l-1,05202023_rat_s1_n_3_2-2,2023-05-20_11-13-34/Record Node 101/experiment1/recording3/continuous/Acquisition_Board-100.Rhythm Data
105,05202023_rat_s1_n04_1l,2023-05-20,4,1l,05202023_rat_s1_n04_1l-0,05202023_rat_s1_n_4,2023-05-20_12-43-55/Record Node 101/experiment1/recording1/continuous/Acquisition_Board-100.Rhythm Data
106,05202023_rat_s1_n04_1l,2023-05-20,4,1l,05202023_rat_s1_n04_1l-1,05202023_rat_s1_n_4-2,2023-05-20_12-43-55/Record Node 101/experiment1/recording1/continuous/Acquisition_Board-100.Rhythm Data
107,05202023_rat_s1_n04_1l,2023-05-20,4,1l,05202023_rat_s1_n04_1l-2,05202023_rat_s1_n_4-3,2023-05-20_12-43-55/Record Node 101/experiment1/recording1/continuous/Acquisition_Board-100.Rhythm Data
108,05202023_rat_s1_n04_2d,2023-05-20,4,2d,05202023_rat_s1_n04_2d-0,05202023_rat_s1_n_4_d,2023-05-20_12-43-55/Record Node 101/experiment1/recording2/continuous/Acquisition_Board-100.Rhythm Data
109,05202023_rat_s1_n04_3l,2023-05-20,4,3l,05202023_rat_s1_n04_3l-0,05202023_rat_s1_n_4_2,2023-05-20_12-43-55/Record Node 101/experiment1/recording3/continuous/Acquisition_Board-100.Rhythm Data
110,05202023_rat_s1_n04_3l,2023-05-20,4,3l,05202023_rat_s1_n04_3l-1,05202023_rat_s1_n_4_2-2,2023-05-20_12-43-55/Record Node 101/experiment1/recording3/continuous/Acquisition_Board-100.Rhythm Data
111,05202023_rat_s1_n05_1l,2023-05-20,5,1l,05202023_rat_s1_n05_1l-0,05202023_rat_s1_n_5,2023-05-20_13-18-38/Record Node 101/experiment1/recording1/continuous/Acquisition_Board-100.Rhythm Data
112,05202023_rat_s1_n05_2d,2023-05-20,5,2d,05202023_rat_s1_n05_2d-0,05202023_rat_s1_n_5_d,2023-05-20_13-18-38/Record Node 101/experiment1/recording2/continuous/Acquisition_Board-100.Rhythm Data
113,05222023_rat_s1_n01_1l,2023-05-22,1,1l,05222023_rat_s1_n01_1l-0,05222023_rat_s1_n_1,2023-05-22_17-15-05/Record Node 101/experiment1/recording1/continuous/Acquisition_Board-100.Rhythm Data
114,05222023_rat_s1_n01_2d,2023-05-22,1,2d,05222023_rat_s1_n01_2d-0,05222023_rat_s1_n_1_d,2023-05-22_17-15-05/Record Node 101/experiment1/recording2/continuous/Acquisition_Board-100.Rhythm Data
115,05222023_rat_s1_n01_3l,2023-05-22,1,3l,05222023_rat_s1_n01_3l-0,05222023_rat_s1_n_1_2,2023-05-22_17-15-05/Record Node 101/experiment1/recording3/continuous/Acquisition_Board-100.Rhythm Data
116,05222023_rat_s1_n02_1l,2023-05-22,2,1l,05222023_rat_s1_n02_1l-0,05222023_rat_s1_n_2,2023-05-22_20-28-04/Record Node 101/experiment1/recording1/continuous/Acquisition_Board-100.Rhythm Data
117,05222023_rat_s1_n02_2d,2023-05-22,2,2d,05222023_rat_s1_n02_2d-0,05222023_rat_s1_n_d,2023-05-22_20-28-04/Record Node 101/experiment1/recording2/continuous/Acquisition_Board-100.Rhythm Data
118,05222023_rat_s1_n02_2d,2023-05-22,2,2d,05222023_rat_s1_n02_2d-1,05222023_rat_s1_n_d-2,2023-05-22_20-28-04/Record Node 101/experiment1/recording2/continuous/Acquisition_Board-100.Rhythm Data
119,05222023_rat_s1_n03_1l,2023-05-22,3,1l,05222023_rat_s1_n03_1l-0,05222023_rat_s1_n_3,2023-05-22_20-49-52/Record Node 101/experiment1/recording1/continuous/Acquisition_Board-100.Rhythm Data
120,05222023_rat_s1_n03_1l,2023-05-22,3,1l,05222023_rat_s1_n03_1l-1,05222023_rat_s1_n_3-2,2023-05-22_20-49-52/Record Node 101/experiment1/recording1/continuous/Acquisition_Board-100.Rhythm Data
121,05222023_rat_s1_n03_2d,2023-05-22,3,2d,05222023_rat_s1_n03_2d-0,05222023_rat_s1_n_3_d,2023-05-22_20-49-52/Record Node 101/experiment1/recording2/continuous/Acquisition_Board-100.Rhythm Data
122,05222023_rat_s1_n03_3l,2023-05-22,3,3l,05222023_rat_s1_n03_3l-0,05222023_rat_s1_n_3_2,2023-05-22_20-49-52/Record Node 101/experiment1/recording3/continuous/Acquisition_Board-100.Rhythm Data
123,05222023_rat_s1_n04_1l,2023-05-22,4,1l,05222023_rat_s1_n04_1l-0,05222023_rat_s1_n_4,2023-05-22_21-28-22/Record Node 101/experiment1/recording1/continuous/Acquisition_Board-100.Rhythm Data
124,05222023_rat_s1_n04_2d,2023-05-22,4,2d,05222023_rat_s1_n04_2d-0,05222023_rat_s1_n_4_d,2023-05-22_21-28-22/Record Node 101/experiment1/recording2/continuous/Acquisition_Board-100.Rhythm Data
125,05222023_rat_s1_n05_1l,2023-05-22,5,1l,05222023_rat_s1_n05_1l-0,05222023_rat_s1_n_5,2023-05-22_21-59-37/Record Node 101/experiment1/recording1/continuous/Acquisition_Board-100.Rhythm Data
126,05222023_rat_s1_n05_2d,2023-05-22,5,2d,05222023_rat_s1_n05_2d-0,05222023_rat_s1_n_5_d,2023-05-22_21-59-37/Record Node 101/experiment1/recording2/continuous/Acquisition_Board-100.Rhythm Data
127,05232023_rat_s1_n01_1l,2023-05-23,1,1l,05232023_rat_s1_n01_1l-0,05232023_rat_s1_n_1,2023-05-23_08-05-35/Record Node 101/experiment1/recording1/continuous/Acquisition_Board-100.Rhythm Data
128,05232023_rat_s1_n01_2d,2023-05-23,1,2d,05232023_rat_s1_n01_2d-0,05232023_rat_s1_n_1_d,2023-05-23_08-05-35/Record Node 101/experiment1/recording2/continuous/Acquisition_Board-100.Rhythm Data
129,05232023_rat_s1_n01_3l,2023-05-23,1,3l,05232023_rat_s1_n01_3l-0,05232023_rat_s1_n_1_2,2023-05-23_08-05-35/Record Node 101/experiment1/recording3/continuous/Acquisition_Board-100.Rhythm Data
130,05232023_rat_s1_n03_1l,2023-05-23,3,1l,05232023_rat_s1_n03_1l-0,05232023_rat_s1_n_3,2023-05-23_08-44-46/Record Node 101/experiment1/recording1/continuous/Acquisition_Board-100.Rhythm Data
131,05232023_rat_s1_n03_2d,2023-05-23,3,2d,05232023_rat_s1_n03_2d-0,05232023_rat_s1_n_3_d,2023-05-23_08-44-46/Record Node 101/experiment1/recording2/continuous/Acquisition_Board-100.Rhythm Data
132,05232023_rat_s1_n03_3l,2023-05-23,3,3l,05232023_rat_s1_n03_3l-0,05232023_rat_s1_n_3_2,2023-05-23_08-44-46/Record Node 101/experiment1/recording3/continuous/Acquisition_Board-100.Rhythm Data
133,05232023_rat_s1_n04_1l,2023-05-23,4,1l,05232023_rat_s1_n04_1l-0,05232023_rat_s1_n_4,2023-05-23_09-24-10/Record Node 101/experiment1/recording1/continuous/Acquisition_Board-100.Rhythm Data
134,05232023_rat_s1_n04_2d,2023-05-23,4,2d,05232023_rat_s1_n04_2d-0,05232023_rat_s1_n_4_d,2023-05-23_09-24-10/Record Node 101/experiment1/recording2/continuous/Acquisition_Board-100.Rhythm Data
135,05232023_rat_s1_n04_3l,2023-05-23,4,3l,05232023_rat_s1_n04_3l-0,05232023_rat_s1_n_4_2,2023-05-23_09-24-10/Record Node 101/experiment1/recording3/continuous/Acquisition_Board-100.Rhythm Data
136,05242023_rat_s1_n01_1l,2023-05-24,1,1l,05242023_rat_s1_n01_1l-0,05242023_rat_s1_n_1,2023-05-24_19-17-54/Record Node 101/experiment1/recording1/continuous/Acquisition_Board-100.Rhythm Data
137,05242023_rat_s1_n01_2d,2023-05-24,1,2d,05242023_rat_s1_n01_2d-0,05242023_rat_s1_n_1_d,2023-05-24_19-17-54/Record Node 101/experiment1/recording2/continuous/Acquisition_Board-100.Rhythm Data
138,05242023_rat_s1_n01_3l,2023-05-24,1,3l,05242023_rat_s1_n01_3l-0,05242023_rat_s1_n_1_2,2023-05-24_19-17-54/Record Node 101/experiment1/recording3/continuous/Acquisition_Board-100.Rhythm Data
139,05242023_rat_s1_n03_1l,2023-05-24,3,1l,05242023_rat_s1_n03_1l-0,05242023_rat_s1_n_3,2023-05-24_19-58-07/Record Node 101/experiment1/recording1/continuous/Acquisition_Board-100.Rhythm Data
140,05242023_rat_s1_n03_1l,2023-05-24,3,1l,05242023_rat_s1_n03_1l-1,05242023_rat_s1_n_3-2,2023-05-24_19-58-07/Record Node 101/experiment1/recording1/continuous/Acquisition_Board-100.Rhythm Data
141,05242023_rat_s1_n03_2d,2023-05-24,3,2d,05242023_rat_s1_n03_2d-0,05242023_rat_s1_n_3_d,2023-05-24_19-58-07/Record Node 101/experiment1/recording2/continuous/Acquisition_Board-100.Rhythm Data
142,05242023_rat_s1_n03_3l,2023-05-24,3,3l,05242023_rat_s1_n03_3l-0,05242023_rat_s1_n_3_2,2023-05-24_19-58-07/Record Node 101/experiment1/recording3/continuous/Acquisition_Board-100.Rhythm Data
143,05242023_rat_s1_n04_1l,2023-05-24,4,1l,05242023_rat_s1_n04_1l-0,05242023_rat_s1_n_4,2023-05-24_20-38-10/Record Node 101/experiment1/recording1/continuous/Acquisition_Board-100.Rhythm Data
144,05242023_rat_s1_n04_2d,2023-05-24,4,2d,05242023_rat_s1_n04_2d-0,05242023_rat_s1_n_4_d,2023-05-24_20-38-10/Record Node 101/experiment1/recording2/continuous/Acquisition_Board-100.Rhythm Data
145,05242023_rat_s1_n04_2d,2023-05-24,4,2d,05242023_rat_s1_n04_2d-1,05242023_rat_s1_n_4_d-2,2023-05-24_20-38-10/Record Node 101/experiment1/recording2/continuous/Acquisition_Board-100.Rhythm Data
146,05242023_rat_s1_n04_3l,2023-05-24,4,3l,05242023_rat_s1_n04_3l-0,05242023_rat_s1_n_4_2,2023-05-24_20-38-10/Record Node 101/experiment1/recording3/continuous/Acquisition_Board-100.Rhythm Data
147,05242023_rat_s1_n05_1l,2023-05-24,5,1l,05242023_rat_s1_n05_1l-0,05242023_rat_s1_n_5,2023-05-24_21-07-34/Record Node 101/experiment1/recording1/continuous/Acquisition_Board-100.Rhythm Data
148,05242023_rat_s1_n05_2d,2023-05-24,5,2d,05242023_rat_s1_n05_2d-0,05242023_rat_s1_n_5_d,2023-05-24_21-07-34/Record Node 101/experiment1/recording2/continuous/Acquisition_Board-100.Rhythm Data
149,05242023_rat_s1_n05_3l,2023-05-24,5,3l,05242023_rat_s1_n05_3l-0,05242023_rat_s1_n_5_2,2023-05-24_21-07-34/Record Node 101/experiment1/recording3/continuous/Acquisition_Board-100.Rhythm Data
150,05252023_rat_s1_n01_1l,2023-05-25,1,1l,05252023_rat_s1_n01_1l-0,05252023_rat_s1_n_1,2023-05-25_19-20-13/Record Node 101/experiment1/recording1/continuous/Acquisition_Board-100.Rhythm Data
151,05252023_rat_s1_n01_2d,2023-05-25,1,2d,05252023_rat_s1_n01_2d-0,05252023_rat_s1_n_1_d,2023-05-25_19-20-13/Record Node 101/experiment1/recording2/continuous/Acquisition_Board-100.Rhythm Data
152,05252023_rat_s1_n01_3l,2023-05-25,1,3l,05252023_rat_s1_n01_3l-0,05252023_rat_s1_n_1_2,2023-05-25_19-20-13/Record Node 101/experiment1/recording3/continuous/Acquisition_Board-100.Rhythm Data
153,05252023_rat_s1_n03_1l,2023-05-25,3,1l,05252023_rat_s1_n03_1l-0,05252023_rat_s1_n_3,2023-05-25_20-00-37/Record Node 101/experiment1/recording1/continuous/Acquisition_Board-100.Rhythm Data
154,05252023_rat_s1_n03_2d,2023-05-25,3,2d,05252023_rat_s1_n03_2d-0,05252023_rat_s1_n_3_d,2023-05-25_20-00-37/Record Node 101/experiment1/recording2/continuous/Acquisition_Board-100.Rhythm Data
155,05252023_rat_s1_n03_3l,2023-05-25,3,3l,05252023_rat_s1_n03_3l-0,05252023_rat_s1_n_3_2,2023-05-25_20-00-37/Record Node 101/experiment1/recording3/continuous/Acquisition_Board-100.Rhythm Data
156,05252023_rat_s1_n05_1l,2023-05-25,5,1l,05252023_rat_s1_n05_1l-0,05252023_rat_s1_n_5,2023-05-25_20-38-38/Record Node 101/experiment1/recording1/continuous/Acquisition_Board-100.Rhythm Data
157,05252023_rat_s1_n05_2d,2023-05-25,5,2d,05252023_rat_s1_n05_2d-0,05252023_rat_s1_n_5_d,2023-05-25_20-38-38/Record Node 101/experiment1/recording2/continuous/Acquisition_Board-100.Rhythm Data
158,05252023_rat_s1_n05_2d,2023-05-25,5,2d,05252023_rat_s1_n05_2d-1,05252023_rat_s1_n_5_d-2,2023-05-25_20-38-38/Record Node 101/experiment1/recording2/continuous/Acquisition_Board-100.Rhythm Data
159,05252023_rat_s1_n05_3l,2023-05-25,5,3l,05252023_rat_s1_n05_3l-0,05252023_rat_s1_n_5_2,2023-05-25_20-38-38/Record Node 101/experiment1/recording3/continuous/Acquisition_Board-100.Rhythm Data
160,05252023_rat_s1_n04_1l,2023-05-25,4,1l,05252023_rat_s1_n04_1l-0,05252023_rat_s1_n_4,2023-05-25_21-26-06/Record Node 101/experiment1/recording1/continuous/Acquisition_Board-100.Rhythm Data
161,05252023_rat_s1_n04_1l,2023-05-25,4,1l,05252023_rat_s1_n04_1l-1,05252023_rat_s1_n_4-2,2023-05-25_21-26-06/Record Node 101/experiment1/recording1/continuous/Acquisition_Board-100.Rhythm Data
162,05252023_rat_s1_n04_2d,2023-05-25,4,2d,05252023_rat_s1_n04_2d-0,05252023_rat_s1_n_4_d,2023-05-25_21-26-06/Record Node 101/experiment1/recording2/continuous/Acquisition_Board-100.Rhythm Data
163,05252023_rat_s1_n04_3l,2023-05-25,4,3l,05252023_rat_s1_n04_3l-0,05252023_rat_s1_n_4_2,2023-05-25_21-26-06/Record Node 101/experiment1/recording3/continuous/Acquisition_Board-100.Rhythm Data
164,05252023_rat_s1_n04_3l,2023-05-25,4,3l,05252023_rat_s1_n04_3l-1,05252023_rat_s1_n_4_2-2,2023-05-25_21-26-06/Record Node 101/experiment1/recording3/continuous/Acquisition_Board-100.Rhythm Data
165,05262023_rat_s1_n01_1l,2023-05-26,1,1l,05262023_rat_s1_n01_1l-0,05262023_rat_s1_n_1,2023-05-26_15-39-27/Record Node 101/experiment1/recording1/continuous/Acquisition_Board-100.Rhythm Data
166,05262023_rat_s1_n01_2d,2023-05-26,1,2d,05262023_rat_s1_n01_2d-0,05262023_rat_s1_n_1_d,2023-05-26_15-39-27/Record Node 101/experiment1/recording2/continuous/Acquisition_Board-100.Rhythm Data
167,05262023_rat_s1_n01_3l,2023-05-26,1,3l,05262023_rat_s1_n01_3l-0,05262023_rat_s1_n_1_2,2023-05-26_15-39-27/Record Node 101/experiment1/recording3/continuous/Acquisition_Board-100.Rhythm Data
168,05262023_rat_s1_n03_1l,2023-05-26,3,1l,05262023_rat_s1_n03_1l-0,05262023_rat_s1_n_3,2023-05-26_16-25-21/Record Node 101/experiment1/recording1/continuous/Acquisition_Board-100.Rhythm Data
169,05262023_rat_s1_n03_2d,2023-05-26,3,2d,05262023_rat_s1_n03_2d-0,05262023_rat_s1_n_3_d,2023-05-26_16-25-21/Record Node 101/experiment1/recording2/continuous/Acquisition_Board-100.Rhythm Data
170,05262023_rat_s1_n03_3l,2023-05-26,3,3l,05262023_rat_s1_n03_3l-0,05262023_rat_s1_n_3_2,2023-05-26_16-25-21/Record Node 101/experiment1/recording3/continuous/Acquisition_Board-100.Rhythm Data
171,05262023_rat_s1_n04_1l,2023-05-26,4,1l,05262023_rat_s1_n04_1l-0,05262023_rat_s1_n_4,2023-05-26_16-25-21/Record Node 101/experiment1/recording1/continuous/Acquisition_Board-100.Rhythm Data
172,05262023_rat_s1_n04_1l,2023-05-26,4,1l,05262023_rat_s1_n04_1l-1,05262023_rat_s1_n_4-2,2023-05-26_17-03-30/Record Node 101/experiment1/recording1/continuous/Acquisition_Board-100.Rhythm Data
173,05262023_rat_s1_n04_2d,2023-05-26,4,2d,05262023_rat_s1_n04_2d-0,05262023_rat_s1_n_4_d,2023-05-26_17-03-30/Record Node 101/experiment1/recording2/continuous/Acquisition_Board-100.Rhythm Data
174,05262023_rat_s1_n04_3l,2023-05-26,4,3l,05262023_rat_s1_n04_3l-0,05262023_rat_s1_n_4_2,2023-05-26_17-03-30/Record Node 101/experiment1/recording3/continuous/Acquisition_Board-100.Rhythm Data
175,05262023_rat_s1_n05_1l,2023-05-26,5,1l,05262023_rat_s1_n05_1l-0,05262023_rat_s1_n_5,2023-05-26_17-41-12/Record Node 101/experiment1/recording1/continuous/Acquisition_Board-100.Rhythm Data
176,05262023_rat_s1_n05_2d,2023-05-26,5,2d,05262023_rat_s1_n05_2d-0,05262023_rat_s1_n_5_d,2023-05-26_17-41-12/Record Node 101/experiment1/recording2/continuous/Acquisition_Board-100.Rhythm Data
177,05262023_rat_s1_n05_3l,2023-05-26,5,3l,05262023_rat_s1_n05_3l-0,05262023_rat_s1_n_5_2,2023-05-26_17-41-12/Record Node 101/experiment1/recording3/continuous/Acquisition_Board-100.Rhythm Data
178,07272023_rat_s1_n06_1l,2023-07-27,6,1l,07272023_rat_s1_n06_1l-0,07272023_rat_s1_n_6,2023-07-27_20-33-01/Record Node 101/experiment1/recording1/continuous/Acquisition_Board-100.Rhythm Data
179,07272023_rat_s1_n06_2d,2023-07-27,6,2d,07272023_rat_s1_n06_2d-0,07272023_rat_s1_n_6_d,2023-07-27_20-33-01/Record Node 101/experiment1/recording2/continuous/Acquisition_Board-100.Rhythm Data
180,07272023_rat_s1_n07_1l,2023-07-27,7,1l,07272023_rat_s1_n07_1l-0,07272023_rat_s1_n_7,2023-07-27_20-50-56/Record Node 101/experiment1/recording1/continuous/Acquisition_Board-100.Rhythm Data
181,07272023_rat_s1_n07_2d,2023-07-27,7,2d,07272023_rat_s1_n07_2d-0,07272023_rat_s1_n_7_d,2023-07-27_20-50-56/Record Node 101/experiment1/recording2/continuous/Acquisition_Board-100.Rhythm Data
182,07282023_rat_s1_n06_1l,2023-07-28,6,1l,07282023_rat_s1_n06_1l-0,07282023_rat_s1_n_6,2023-07-28_20-39-00/Record Node 101/experiment1/recording1/continuous/Acquisition_Board-100.Rhythm Data
183,07282023_rat_s1_n06_1l,2023-07-28,6,1l,07282023_rat_s1_n06_1l-1,07282023_rat_s1_n_6-2,2023-07-28_20-39-00/Record Node 101/experiment1/recording1/continuous/Acquisition_Board-100.Rhythm Data
184,07282023_rat_s1_n07_1l,2023-07-28,7,1l,07282023_rat_s1_n07_1l-0,07282023_rat_s1_n_7,2023-07-28_21-01-15/Record Node 101/experiment1/recording1/continuous/Acquisition_Board-100.Rhythm Data
185,07292023_rat_s1_n06_1l,2023-07-29,6,1l,07292023_rat_s1_n06_1l-0,07292023_rat_s1_n_6,2023-07-29_14-39-21/Record Node 101/experiment1/recording1/continuous/Acquisition_Board-100.Rhythm Data
186,07292023_rat_s1_n06_2d,2023-07-29,6,2d,07292023_rat_s1_n06_2d-0,07292023_rat_s1_n_6_d,2023-07-29_14-39-21/Record Node 101/experiment1/recording2/continuous/Acquisition_Board-100.Rhythm Data
187,07292023_rat_s1_n07_1l,2023-07-29,7,1l,07292023_rat_s1_n07_1l-0,07292023_rat_s1_n_7,2023-07-29_15-01-40/Record Node 101/experiment1/recording1/continuous/Acquisition_Board-100.Rhythm Data
188,07292023_rat_s1_n07_2d,2023-07-29,7,2d,07292023_rat_s1_n07_2d-0,07292023_rat_s1_n_7_d,2023-07-29_15-01-40/Record Node 101/experiment1/recording2/continuous/Acquisition_Board-100.Rhythm Data
189,07302023_rat_s1_n06_1l,2023-07-30,6,1l,07302023_rat_s1_n06_1l-0,07302023_rat_s1_n_6,2023-07-30_13-59-27/Record Node 101/experiment1/recording1/continuous/Acquisition_Board-100.Rhythm Data
190,07302023_rat_s1_n06_2d,2023-07-30,6,2d,07302023_rat_s1_n06_2d-0,07302023_rat_s1_n_6_d,2023-07-30_13-59-27/Record Node 101/experiment1/recording2/continuous/Acquisition_Board-100.Rhythm Data
191,07302023_rat_s1_n07_1l,2023-07-30,7,1l,07302023_rat_s1_n07_1l-0,07302023_rat_s1_n_7,2023-07-30_14-24-16/Record Node 101/experiment1/recording1/continuous/Acquisition_Board-100.Rhythm Data
192,07302023_rat_s1_n07_2d,2023-07-30,7,2d,07302023_rat_s1_n07_2d-0,07302023_rat_s1_n_7_d,2023-07-30_14-24-16/Record Node 101/experiment1/recording2/continuous/Acquisition_Board-100.Rhythm Data
193,07302023_rat_s1_n07_3l,2023-07-30,7,3l,07302023_rat_s1_n07_3l-0,07302023_rat_s1_n_7_2,2023-07-30_14-24-16/Record Node 101/experiment1/recording3/continuous/Acquisition_Board-100.Rhythm Data
194,07312023_rat_s1_n06_1l,2023-07-31,6,1l,07312023_rat_s1_n06_1l-0,07312023_rat_s1_n_6,2023-07-31_19-47-43/Record Node 101/experiment1/recording1/continuous/Acquisition_Board-100.Rhythm Data
195,07312023_rat_s1_n06_2d,2023-07-31,6,2d,07312023_rat_s1_n06_2d-0,07312023_rat_s1_n_6_d,2023-07-31_19-47-43/Record Node 101/experiment1/recording2/continuous/Acquisition_Board-100.Rhythm Data
196,07312023_rat_s1_n06_3l,2023-07-31,6,3l,07312023_rat_s1_n06_3l-0,07312023_rat_s1_n_6_2,2023-07-31_19-47-43/Record Node 101/experiment1/recording3/continuous/Acquisition_Board-100.Rhythm Data
197,07312023_rat_s1_n07_1l,2023-07-31,7,1l,07312023_rat_s1_n07_1l-0,07312023_rat_s1_n_7,2023-07-31_20-23-58/Record Node 101/experiment1/recording1/continuous/Acquisition_Board-100.Rhythm Data
198,07312023_rat_s1_n07_2d,2023-07-31,7,2d,07312023_rat_s1_n07_2d-0,07312023_rat_s1_n_7_d,2023-07-31_20-23-58/Record Node 101/experiment1/recording2/continuous/Acquisition_Board-100.Rhythm Data
199,07312023_rat_s1_n07_2d,2023-07-31,7,2d,07312023_rat_s1_n07_2d-1,07312023_rat_s1_n_7_d-2,2023-07-31_20-23-58/Record Node 101/experiment1/recording2/continuous/Acquisition_Board-100.Rhythm Data
200,07312023_rat_s1_n07_2d,2023-07-31,7,2d,07312023_rat_s1_n07_2d-2,07312023_rat_s1_n_7_d-3,2023-07-31_20-23-58/Record Node 101/experiment1/recording2/continuous/Acquisition_Board-100.Rhythm Data
201,08012023_rat_s1_n06_1l,2023-08-01,6,1l,08012023_rat_s1_n06_1l-0,08012023_rat_s1_n_6,2023-08-01_19-31-16/Record Node 101/experiment1/recording1/continuous/Acquisition_Board-100.Rhythm Data
202,08012023_rat_s1_n06_2d,2023-08-01,6,2d,08012023_rat_s1_n06_2d-0,08012023_rat_s1_n_6_d,2023-08-01_19-31-16/Record Node 101/experiment1/recording2/continuous/Acquisition_Board-100.Rhythm Data
203,08012023_rat_s1_n06_3l,2023-08-01,6,3l,08012023_rat_s1_n06_3l-0,08012023_rat_s1_n_6_2,2023-08-01_19-31-16/Record Node 101/experiment1/recording3/continuous/Acquisition_Board-100.Rhythm Data
204,08012023_rat_s1_n07_1l,2023-08-01,7,1l,08012023_rat_s1_n07_1l-0,08012023_rat_s1_n_7,2023-08-01_19-58-04/Record Node 101/experiment1/recording1/continuous/Acquisition_Board-100.Rhythm Data
205,08012023_rat_s1_n07_2d,2023-08-01,7,2d,08012023_rat_s1_n07_2d-0,08012023_rat_s1_n_7_d,2023-08-01_19-58-04/Record Node 101/experiment1/recording2/continuous/Acquisition_Board-100.Rhythm Data
206,08012023_rat_s1_n07_3l,2023-08-01,7,3l,08012023_rat_s1_n07_3l-0,08012023_rat_s1_n_7_2,2023-08-01_19-58-04/Record Node 101/experiment1/recording3/continuous/Acquisition_Board-100.Rhythm Data
207,08012023_rat_s1_n07_3l,2023-08-01,7,3l,08012023_rat_s1_n07_3l-1,08012023_rat_s1_n_7_2-2,2023-08-01_19-58-04/Record Node 101/experiment1/recording3/continuous/Acquisition_Board-100.Rhythm Data
208,08022023_rat_s1_n06_1l,2023-08-02,6,1l,08022023_rat_s1_n06_1l-0,08022023_rat_s1_n_6,2023-08-02_19-23-59/Record Node 101/experiment1/recording1/continuous/Acquisition_Board-100.Rhythm Data
209,08022023_rat_s1_n06_2d,2023-08-02,6,2d,08022023_rat_s1_n06_2d-0,08022023_rat_s1_n_6_d,2023-08-02_19-23-59/Record Node 101/experiment1/recording2/continuous/Acquisition_Board-100.Rhythm Data
210,08022023_rat_s1_n06_3l,2023-08-02,6,3l,08022023_rat_s1_n06_3l-0,08022023_rat_s1_n_6_2,2023-08-02_19-23-59/Record Node 101/experiment1/recording3/continuous/Acquisition_Board-100.Rhythm Data
211,08022023_rat_s1_n07_1l,2023-08-02,7,1l,08022023_rat_s1_n07_1l-0,08022023_rat_s1_n_7,2023-08-02_19-54-24/Record Node 101/experiment1/recording1/continuous/Acquisition_Board-100.Rhythm Data
212,08022023_rat_s1_n07_2d,2023-08-02,7,2d,08022023_rat_s1_n07_2d-0,08022023_rat_s1_n_7_d,2023-08-02_19-54-24/Record Node 101/experiment1/recording2/continuous/Acquisition_Board-100.Rhythm Data
213,08022023_rat_s1_n07_2d,2023-08-02,7,2d,08022023_rat_s1_n07_2d-1,08022023_rat_s1_n_7_d-2,2023-08-02_19-54-24/Record Node 101/experiment1/recording2/continuous/Acquisition_Board-100.Rhythm Data
214,08022023_rat_s1_n07_3l,2023-08-02,7,3l,08022023_rat_s1_n07_3l-0,08022023_rat_s1_n_7_2,2023-08-02_19-54-24/Record Node 101/experiment1/recording3/continuous/Acquisition_Board-100.Rhythm Data
215,08032023_rat_s1_n06_1l,2023-08-03,6,1l,08032023_rat_s1_n06_1l-0,08032023_rat_s1_n_6,2023-08-03_13-00-17/Record Node 101/experiment1/recording1/continuous/Acquisition_Board-100.Rhythm Data
216,08032023_rat_s1_n06_1l,2023-08-03,6,1l,08032023_rat_s1_n06_1l-1,08032023_rat_s1_n_6-2,2023-08-03_13-00-17/Record Node 101/experiment1/recording1/continuous/Acquisition_Board-100.Rhythm Data
217,08032023_rat_s1_n06_2d,2023-08-03,6,2d,08032023_rat_s1_n06_2d-0,08032023_rat_s1_n_6_d,2023-08-03_13-00-17/Record Node 101/experiment1/recording2/continuous/Acquisition_Board-100.Rhythm Data
218,08032023_rat_s1_n06_3l,2023-08-03,6,3l,08032023_rat_s1_n06_3l-0,08032023_rat_s1_n_6_2,2023-08-03_13-00-17/Record Node 101/experiment1/recording3/continuous/Acquisition_Board-100.Rhythm Data
219,08032023_rat_s1_n07_1l,2023-08-03,7,1l,08032023_rat_s1_n07_1l-0,08032023_rat_s1_n_7,2023-08-03_13-33-00/Record Node 101/experiment1/recording1/continuous/Acquisition_Board-100.Rhythm Data
220,08032023_rat_s1_n07_2d,2023-08-03,7,2d,08032023_rat_s1_n07_2d-0,08032023_rat_s1_n_7_d,2023-08-03_13-33-00/Record Node 101/experiment1/recording2/continuous/Acquisition_Board-100.Rhythm Data
221,08032023_rat_s1_n07_3l,2023-08-03,7,3l,08032023_rat_s1_n07_3l-0,08032023_rat_s1_n_7_2,2023-08-03_13-33-00/Record Node 101/experiment1/recording3/continuous/Acquisition_Board-100.Rhythm Data
222,08042023_rat_s1_n06_1l,2023-08-04,6,1l,08042023_rat_s1_n06_1l-0,08042023_rat_s1_n_6,2023-08-04_19-48-22/Record Node 101/experiment1/recording1/continuous/Acquisition_Board-100.Rhythm Data
223,08042023_rat_s1_n06_2d,2023-08-04,6,2d,08042023_rat_s1_n06_2d-0,08042023_rat_s1_n_6_d,2023-08-04_19-48-22/Record Node 101/experiment1/recording2/continuous/Acquisition_Board-100.Rhythm Data
224,08042023_rat_s1_n06_2d,2023-08-04,6,2d,08042023_rat_s1_n06_2d-1,08042023_rat_s1_n_6_d-2,2023-08-04_19-48-22/Record Node 101/experiment1/recording2/continuous/Acquisition_Board-100.Rhythm Data
225,08042023_rat_s1_n06_3l,2023-08-04,6,3l,08042023_rat_s1_n06_3l-0,08042023_rat_s1_n_6_2,2023-08-04_19-48-22/Record Node 101/experiment1/recording3/continuous/Acquisition_Board-100.Rhythm Data
226,08042023_rat_s1_n07_1l,2023-08-04,7,1l,08042023_rat_s1_n07_1l-0,08042023_rat_s1_n_7,2023-08-04_20-15-43/Record Node 101/experiment1/recording1/continuous/Acquisition_Board-100.Rhythm Data
227,08042023_rat_s1_n07_2d,2023-08-04,7,2d,08042023_rat_s1_n07_2d-0,08042023_rat_s1_n_7_d,2023-08-04_20-15-43/Record Node 101/experiment1/recording2/continuous/Acquisition_Board-100.Rhythm Data
228,08042023_rat_s1_n07_3l,2023-08-04,7,3l,08042023_rat_s1_n07_3l-0,08042023_rat_s1_n_7_2,2023-08-04_20-15-43/Record Node 101/experiment1/recording3/continuous/Acquisition_Board-100.Rhythm Data
229,08072023_rat_s1_n06_1l,2023-08-07,6,1l,08072023_rat_s1_n06_1l-0,08072023_rat_s1_n_6,2023-08-07_12-23-09/Record Node 101/experiment1/recording1/continuous/Acquisition_Board-100.Rhythm Data
230,08072023_rat_s1_n06_2l,2023-08-07,6,2l,08072023_rat_s1_n06_2l-0,08072023_rat_s1_n_6_l2,2023-08-07_12-23-09/Record Node 101/experiment1/recording2/continuous/Acquisition_Board-100.Rhythm Data
231,08072023_rat_s1_n06_3l,2023-08-07,6,3l,08072023_rat_s1_n06_3l-0,08072023_rat_s1_n_6_2,2023-08-07_12-23-09/Record Node 101/experiment1/recording3/continuous/Acquisition_Board-100.Rhythm Data
232,08072023_rat_s1_n07_1l,2023-08-07,7,1l,08072023_rat_s1_n07_1l-0,08072023_rat_s1_n_7,2023-08-07_12-57-16/Record Node 101/experiment1/recording1/continuous/Acquisition_Board-100.Rhythm Data
233,08072023_rat_s1_n07_2l,2023-08-07,7,2l,08072023_rat_s1_n07_2l-0,08072023_rat_s1_n_7_l2,2023-08-07_12-57-16/Record Node 101/experiment1/recording2/continuous/Acquisition_Board-100.Rhythm Data
234,08072023_rat_s1_n07_3l,2023-08-07,7,3l,08072023_rat_s1_n07_3l-0,08072023_rat_s1_n_7_2,2023-08-07_12-57-16/Record Node 101/experiment1/recording3/continuous/Acquisition_Board-100.Rhythm Data
235,08092023_rat_s1_n06_1l,2023-08-09,6,1l,08092023_rat_s1_n06_1l-0,08092023_rat_s1_n_6,2023-08-09_19-59-43/Record Node 101/experiment1/recording1/continuous/Acquisition_Board-100.Rhythm Data
236,08092023_rat_s1_n08_1l,2023-08-09,8,1l,08092023_rat_s1_n08_1l-0,08092023_rat_s1_n_8,2023-08-09_20-14-34/Record Node 101/experiment1/recording1/continuous/Acquisition_Board-100.Rhythm Data
237,08102023_rat_s1_n06_1l,2023-08-10,6,1l,08102023_rat_s1_n06_1l-0,08102023_rat_s1_n_6,2023-08-10_22-27-50/Record Node 101/experiment1/recording1/continuous/Acquisition_Board-100.Rhythm Data
238,08102023_rat_s1_n06_2d,2023-08-10,6,2d,08102023_rat_s1_n06_2d-0,08102023_rat_s1_n_6_d,2023-08-10_22-27-50/Record Node 101/experiment1/recording2/continuous/Acquisition_Board-100.Rhythm Data
239,08102023_rat_s1_n07_1l,2023-08-10,7,1l,08102023_rat_s1_n07_1l-0,08102023_rat_s1_n_7,2023-08-10_22-51-12/Record Node 101/experiment1/recording1/continuous/Acquisition_Board-100.Rhythm Data
240,08102023_rat_s1_n07_2d,2023-08-10,7,2d,08102023_rat_s1_n07_2d-0,08102023_rat_s1_n_7_d,2023-08-10_22-51-12/Record Node 101/experiment1/recording2/continuous/Acquisition_Board-100.Rhythm Data
241,08112023_rat_s1_n06_1l,2023-08-11,6,1l,08112023_rat_s1_n06_1l-0,08112023_rat_s1_n_6,2023-08-11_10-47-14/Record Node 101/experiment1/recording1/continuous/Acquisition_Board-100.Rhythm Data
242,08112023_rat_s1_n06_2d,2023-08-11,6,2d,08112023_rat_s1_n06_2d-0,08112023_rat_s1_n_6_d,2023-08-11_10-47-14/Record Node 101/experiment1/recording2/continuous/Acquisition_Board-100.Rhythm Data
243,08112023_rat_s1_n06_3l,2023-08-11,6,3l,08112023_rat_s1_n06_3l-0,08112023_rat_s1_n_6_2,2023-08-11_10-47-14/Record Node 101/experiment1/recording3/continuous/Acquisition_Board-100.Rhythm Data
244,08112023_rat_s1_n06_3l,2023-08-11,6,3l,08112023_rat_s1_n06_3l-1,08112023_rat_s1_n_6_2-2,2023-08-11_10-47-14/Record Node 101/experiment1/recording3/continuous/Acquisition_Board-100.Rhythm Data
245,08112023_rat_s1_n07_1l,2023-08-11,7,1l,08112023_rat_s1_n07_1l-0,08112023_rat_s1_n_7,2023-08-11_11-23-47/Record Node 101/experiment1/recording1/continuous/Acquisition_Board-100.Rhythm Data
246,08112023_rat_s1_n07_2d,2023-08-11,7,2d,08112023_rat_s1_n07_2d-0,08112023_rat_s1_n_7_d,2023-08-11_11-23-47/Record Node 101/experiment1/recording2/continuous/Acquisition_Board-100.Rhythm Data
247,08112023_rat_s1_n07_3l,2023-08-11,7,3l,08112023_rat_s1_n07_3l-0,08112023_rat_s1_n_7_2,2023-08-11_11-23-47/Record Node 101/experiment1/recording3/continuous/Acquisition_Board-100.Rhythm Data
248,08132023_rat_s1_n06_1l,2023-08-13,6,1l,08132023_rat_s1_n06_1l-0,08132023_rat_s1_n_6,2023-08-13_14-06-23/Record Node 101/experiment1/recording1/continuous/Acquisition_Board-100.Rhythm Data
249,08132023_rat_s1_n06_2l,2023-08-13,6,2l,08132023_rat_s1_n06_2l-0,08132023_rat_s1_n_6_l2,
250,08132023_rat_s1_n07_1l,2023-08-13,7,1l,08132023_rat_s1_n07_1l-0,08132023_rat_s1_n_7,2023-08-13_14-26-36/Record Node 101/experiment1/recording1/continuous/Acquisition_Board-100.Rhythm Data
251,08142023_rat_s1_n06_1l,2023-08-14,6,1l,08142023_rat_s1_n06_1l-0,08142023_rat_s1_n_6,2023-08-14_21-23-33/Record Node 101/experiment1/recording1/continuous/Acquisition_Board-100.Rhythm Data
252,08142023_rat_s1_n06_2d,2023-08-14,6,2d,08142023_rat_s1_n06_2d-0,08142023_rat_s1_n_6_d,2023-08-14_21-23-33/Record Node 101/experiment1/recording2/continuous/Acquisition_Board-100.Rhythm Data
253,08142023_rat_s1_n06_3l,2023-08-14,6,3l,08142023_rat_s1_n06_3l-0,08142023_rat_s1_n_6_2,2023-08-14_21-23-33/Record Node 101/experiment1/recording3/continuous/Acquisition_Board-100.Rhythm Data
254,08142023_rat_s1_n07_1l,2023-08-14,7,1l,08142023_rat_s1_n07_1l-0,08142023_rat_s1_n_7,2023-08-14_21-56-40/Record Node 101/experiment1/recording1/continuous/Acquisition_Board-100.Rhythm Data
255,08152023_rat_s1_n06_1l,2023-08-15,6,1l,08152023_rat_s1_n06_1l-0,08152023_rat_s1_n_6,2023-08-15_21-13-16/Record Node 101/experiment1/recording1/continuous/Acquisition_Board-100.Rhythm Data
256,08182023_rat_s1_n06_1l,2023-08-18,6,1l,08182023_rat_s1_n06_1l-0,08182023_rat_s1_n_6,2023-08-18_22-22-02/Record Node 101/experiment1/recording1/continuous/Acquisition_Board-100.Rhythm Data
257,08202023_rat_s1_n06_1l,2023-08-20,6,1l,08202023_rat_s1_n06_1l-0,08202023_rat_s1_n_6,2023-08-20_18-37-49/Record Node 101/experiment1/recording1/continuous/Acquisition_Board-100.Rhythm Data
258,08212023_rat_s1_n06_1l,2023-08-21,6,1l,08212023_rat_s1_n06_1l-0,08212023_rat_s1_n_6,2023-08-21_20-15-09/Record Node 101/experiment1/recording1/continuous/Acquisition_Board-100.Rhythm Data
259,08212023_rat_s1_n06_2d,2023-08-21,6,2d,08212023_rat_s1_n06_2d-0,08212023_rat_s1_n_6_d,2023-08-21_20-15-09/Record Node 101/experiment1/recording2/continuous/Acquisition_Board-100.Rhythm Data
260,08212023_rat_s1_n06_3l,2023-08-21,6,3l,08212023_rat_s1_n06_3l-0,08212023_rat_s1_n_6_2,2023-08-21_20-15-09/Record Node 101/experiment1/recording3/continuous/Acquisition_Board-100.Rhythm Data
261,08212023_rat_s1_n06_3l,2023-08-21,6,3l,08212023_rat_s1_n06_3l-1,08212023_rat_s1_n_6_2-2,2023-08-21_20-15-09/Record Node 101/experiment1/recording3/continuous/Acquisition_Board-100.Rhythm Data
262,08212023_rat_s1_n08_1l,2023-08-21,8,1l,08212023_rat_s1_n08_1l-0,08212023_rat_s1_n_8,2023-08-21_20-45-35/Record Node 101/experiment1/recording1/continuous/Acquisition_Board-100.Rhythm Data
263,08212023_rat_s1_n08_2d,2023-08-21,8,2d,08212023_rat_s1_n08_2d-0,08212023_rat_s1_n_8_d,2023-08-21_20-45-35/Record Node 101/experiment1/recording2/continuous/Acquisition_Board-100.Rhythm Data
264,08212023_rat_s1_n09_1l,2023-08-21,9,1l,08212023_rat_s1_n09_1l-0,08212023_rat_s1_n_9,2023-08-21_21-03-51/Record Node 101/experiment1/recording1/continuous/Acquisition_Board-100.Rhythm Data
265,08212023_rat_s1_n09_2d,2023-08-21,9,2d,08212023_rat_s1_n09_2d-0,08212023_rat_s1_n_9_d,2023-08-21_21-03-51/Record Node 101/experiment1/recording2/continuous/Acquisition_Board-100.Rhythm Data
266,08212023_rat_s1_n10_1l,2023-08-21,10,1l,08212023_rat_s1_n10_1l-0,08212023_rat_s1_n_10,2023-08-21_22-01-10/Record Node 101/experiment1/recording1/continuous/Acquisition_Board-100.Rhythm Data
267,08212023_rat_s1_n11_1l,2023-08-21,11,1l,08212023_rat_s1_n11_1l-0,08212023_rat_s1_n_11,2023-08-21_22-17-48/Record Node 101/experiment1/recording1/continuous/Acquisition_Board-100.Rhythm Data
268,08212023_rat_s1_n11_2d,2023-08-21,11,2d,08212023_rat_s1_n11_2d-0,08212023_rat_s1_n_11_d,2023-08-21_22-17-48/Record Node 101/experiment1/recording2/continuous/Acquisition_Board-100.Rhythm Data
269,08232023_rat_s1_n06_1l,2023-08-23,6,1l,08232023_rat_s1_n06_1l-0,08232023_rat_s1_n_6,2023-08-23_20-11-51/Record Node 101/experiment1/recording1/continuous/Acquisition_Board-100.Rhythm Data
270,08232023_rat_s1_n06_2l,2023-08-23,6,2l,08232023_rat_s1_n06_2l-0,08232023_rat_s1_n_6_l2,2023-08-23_20-11-51/Record Node 101/experiment1/recording2/continuous/Acquisition_Board-100.Rhythm Data
271,08232023_rat_s1_n08_1l,2023-08-23,8,1l,08232023_rat_s1_n08_1l-0,08232023_rat_s1_n_8,2023-08-23_20-38-29/Record Node 101/experiment1/recording1/continuous/Acquisition_Board-100.Rhythm Data
272,08232023_rat_s1_n08_2d,2023-08-23,8,2d,08232023_rat_s1_n08_2d-0,08232023_rat_s1_n_8_d,2023-08-23_20-38-29/Record Node 101/experiment1/recording2/continuous/Acquisition_Board-100.Rhythm Data
273,08232023_rat_s1_n09_1l,2023-08-23,9,1l,08232023_rat_s1_n09_1l-0,08232023_rat_s1_n_9,2023-08-23_21-03-03/Record Node 101/experiment1/recording1/continuous/Acquisition_Board-100.Rhythm Data
274,08232023_rat_s1_n09_2d,2023-08-23,9,2d,08232023_rat_s1_n09_2d-0,08232023_rat_s1_n_9_d,2023-08-23_21-03-03/Record Node 101/experiment1/recording2/continuous/Acquisition_Board-100.Rhythm Data
275,08232023_rat_s1_n09_3l,2023-08-23,9,3l,08232023_rat_s1_n09_3l-0,08232023_rat_s1_n_9_2,2023-08-23_21-03-03/Record Node 101/experiment1/recording3/continuous/Acquisition_Board-100.Rhythm Data
276,08232023_rat_s1_n10_1l,2023-08-23,10,1l,08232023_rat_s1_n10_1l-0,08232023_rat_s1_n_10,2023-08-23_21-27-53/Record Node 101/experiment1/recording1/continuous/Acquisition_Board-100.Rhythm Data
277,08232023_rat_s1_n10_2d,2023-08-23,10,2d,08232023_rat_s1_n10_2d-0,08232023_rat_s1_n_10_d,2023-08-23_21-27-53/Record Node 101/experiment1/recording2/continuous/Acquisition_Board-100.Rhythm Data
278,08232023_rat_s1_n11_1l,2023-08-23,11,1l,08232023_rat_s1_n11_1l-0,08232023_rat_s1_n_11,2023-08-23_21-50-40/Record Node 101/experiment1/recording1/continuous/Acquisition_Board-100.Rhythm Data
279,08232023_rat_s1_n11_2d,2023-08-23,11,2d,08232023_rat_s1_n11_2d-0,08232023_rat_s1_n_11_d,2023-08-23_21-50-40/Record Node 101/experiment1/recording2/continuous/Acquisition_Board-100.Rhythm Data
280,08282023_rat_s1_n06_1l,2023-08-28,6,1l,08282023_rat_s1_n06_1l-0,08282023_rat_s1_n_6,2023-08-28_11-28-01/Record Node 101/experiment1/recording1/continuous/Acquisition_Board-100.Rhythm Data
281,08282023_rat_s1_n06_2d,2023-08-28,6,2d,08282023_rat_s1_n06_2d-0,08282023_rat_s1_n_6_d,2023-08-28_11-28-01/Record Node 101/experiment1/recording2/continuous/Acquisition_Board-100.Rhythm Data
282,08282023_rat_s1_n06_3l,2023-08-28,6,3l,08282023_rat_s1_n06_3l-0,08282023_rat_s1_n_6_2,2023-08-28_11-28-01/Record Node 101/experiment1/recording3/continuous/Acquisition_Board-100.Rhythm Data
283,08282023_rat_s1_n08_1l,2023-08-28,8,1l,08282023_rat_s1_n08_1l-0,08282023_rat_s1_n_8,2023-08-28_12-07-12/Record Node 101/experiment1/recording1/continuous/Acquisition_Board-100.Rhythm Data
284,08282023_rat_s1_n08_2d,2023-08-28,8,2d,08282023_rat_s1_n08_2d-0,08282023_rat_s1_n_8_d,2023-08-28_12-07-12/Record Node 101/experiment1/recording2/continuous/Acquisition_Board-100.Rhythm Data
285,08282023_rat_s1_n08_2d,2023-08-28,8,2d,08282023_rat_s1_n08_2d-1,08282023_rat_s1_n_8_d-2,2023-08-28_12-07-12/Record Node 101/experiment1/recording2/continuous/Acquisition_Board-100.Rhythm Data
286,08282023_rat_s1_n08_3l,2023-08-28,8,3l,08282023_rat_s1_n08_3l-0,08282023_rat_s1_n_8_2,2023-08-28_12-07-12/Record Node 101/experiment1/recording3/continuous/Acquisition_Board-100.Rhythm Data
287,08282023_rat_s1_n09_1l,2023-08-28,9,1l,08282023_rat_s1_n09_1l-0,08282023_rat_s1_n_9,2023-08-28_12-42-45/Record Node 101/experiment1/recording1/continuous/Acquisition_Board-100.Rhythm Data
288,08282023_rat_s1_n09_2d,2023-08-28,9,2d,08282023_rat_s1_n09_2d-0,08282023_rat_s1_n_9_d,2023-08-28_12-42-45/Record Node 101/experiment1/recording2/continuous/Acquisition_Board-100.Rhythm Data
289,08282023_rat_s1_n10_1l,2023-08-28,10,1l,08282023_rat_s1_n10_1l-0,08282023_rat_s1_n_10,2023-08-28_13-14-40/Record Node 101/experiment1/recording1/continuous/Acquisition_Board-100.Rhythm Data
290,08282023_rat_s1_n10_2d,2023-08-28,10,2d,08282023_rat_s1_n10_2d-0,08282023_rat_s1_n_10_d,2023-08-28_13-14-40/Record Node 101/experiment1/recording2/continuous/Acquisition_Board-100.Rhythm Data
291,08282023_rat_s1_n10_3l,2023-08-28,10,3l,08282023_rat_s1_n10_3l-0,08282023_rat_s1_n_10_2,2023-08-28_13-14-40/Record Node 101/experiment1/recording3/continuous/Acquisition_Board-100.Rhythm Data
292,08282023_rat_s1_n11_1l,2023-08-28,11,1l,08282023_rat_s1_n11_1l-0,08282023_rat_s1_n_11,2023-08-28_13-45-47/Record Node 101/experiment1/recording1/continuous/Acquisition_Board-100.Rhythm Data
293,08282023_rat_s1_n11_2d,2023-08-28,11,2d,08282023_rat_s1_n11_2d-0,08282023_rat_s1_n_11_d,2023-08-28_13-45-47/Record Node 101/experiment1/recording2/continuous/Acquisition_Board-100.Rhythm Data
294,08292023_rat_s1_n06_1l,2023-08-29,6,1l,08292023_rat_s1_n06_1l-0,08292023_rat_s1_n_6,2023-08-29_14-07-13/Record Node 101/experiment1/recording1/continuous/Acquisition_Board-100.Rhythm Data
295,08292023_rat_s1_n06_2l,2023-08-29,6,2l,08292023_rat_s1_n06_2l-0,08292023_rat_s1_n_6_l2,2023-08-29_14-07-13/Record Node 101/experiment1/recording2/continuous/Acquisition_Board-100.Rhythm Data
296,08292023_rat_s1_n06_3l,2023-08-29,6,3l,08292023_rat_s1_n06_3l-0,08292023_rat_s1_n_6_2,2023-08-29_14-07-13/Record Node 101/experiment1/recording3/continuous/Acquisition_Board-100.Rhythm Data
297,08292023_rat_s1_n08_1l,2023-08-29,8,1l,08292023_rat_s1_n08_1l-0,08292023_rat_s1_n_8,2023-08-29_16-59-54/Record Node 101/experiment1/recording1/continuous/Acquisition_Board-100.Rhythm Data
298,08292023_rat_s1_n08_2l,2023-08-29,8,2l,08292023_rat_s1_n08_2l-0,08292023_rat_s1_n_8_l2,2023-08-29_16-59-54/Record Node 101/experiment1/recording2/continuous/Acquisition_Board-100.Rhythm Data
299,08292023_rat_s1_n08_3l,2023-08-29,8,3l,08292023_rat_s1_n08_3l-0,08292023_rat_s1_n_8_2,2023-08-29_16-59-54/Record Node 101/experiment1/recording3/continuous/Acquisition_Board-100.Rhythm Data
300,08292023_rat_s1_n09_1l,2023-08-29,9,1l,08292023_rat_s1_n09_1l-0,08292023_rat_s1_n_9,2023-08-29_17-27-22/Record Node 101/experiment1/recording1/continuous/Acquisition_Board-100.Rhythm Data
301,08292023_rat_s1_n09_2l,2023-08-29,9,2l,08292023_rat_s1_n09_2l-0,08292023_rat_s1_n_9_l2,2023-08-29_17-27-22/Record Node 101/experiment1/recording2/continuous/Acquisition_Board-100.Rhythm Data
302,08292023_rat_s1_n09_3l,2023-08-29,9,3l,08292023_rat_s1_n09_3l-0,08292023_rat_s1_n_9_2,2023-08-29_17-27-22/Record Node 101/experiment1/recording3/continuous/Acquisition_Board-100.Rhythm Data
303,08292023_rat_s1_n10_1l,2023-08-29,10,1l,08292023_rat_s1_n10_1l-0,08292023_rat_s1_n_10,2023-08-29_18-06-45/Record Node 101/experiment1/recording1/continuous/Acquisition_Board-100.Rhythm Data
304,08292023_rat_s1_n10_2l,2023-08-29,10,2l,08292023_rat_s1_n10_2l-0,08292023_rat_s1_n_10_l2,2023-08-29_18-06-45/Record Node 101/experiment1/recording2/continuous/Acquisition_Board-100.Rhythm Data
305,08292023_rat_s1_n10_3l,2023-08-29,10,3l,08292023_rat_s1_n10_3l-0,08292023_rat_s1_n_10_2,2023-08-29_18-06-45/Record Node 101/experiment1/recording3/continuous/Acquisition_Board-100.Rhythm Data
306,08292023_rat_s1_n11_1l,2023-08-29,11,1l,08292023_rat_s1_n11_1l-0,08292023_rat_s1_n_11,2023-08-29_18-40-46/Record Node 101/experiment1/recording1/continuous/Acquisition_Board-100.Rhythm Data
307,08292023_rat_s1_n11_2l,2023-08-29,11,2l,08292023_rat_s1_n11_2l-0,08292023_rat_s1_n_11_l2,2023-08-29_18-40-46/Record Node 101/experiment1/recording2/continuous/Acquisition_Board-100.Rhythm Data
308,08292023_rat_s1_n11_3l,2023-08-29,11,3l,08292023_rat_s1_n11_3l-0,08292023_rat_s1_n_11_2,2023-08-29_18-40-46/Record Node 101/experiment1/recording3/continuous/Acquisition_Board-100.Rhythm Data
309,08302023_rat_s1_n06_1l,2023-08-30,6,1l,08302023_rat_s1_n06_1l-0,08302023_rat_s1_n_6,2023-08-30_12-15-19/Record Node 101/experiment1/recording1/continuous/Acquisition_Board-100.Rhythm Data
310,08302023_rat_s1_n06_2d,2023-08-30,6,2d,08302023_rat_s1_n06_2d-0,08302023_rat_s1_n_6_d,2023-08-30_12-15-19/Record Node 101/experiment1/recording2/continuous/Acquisition_Board-100.Rhythm Data
311,08302023_rat_s1_n06_3l,2023-08-30,6,3l,08302023_rat_s1_n06_3l-0,08302023_rat_s1_n_6_2,2023-08-30_12-15-19/Record Node 101/experiment1/recording3/continuous/Acquisition_Board-100.Rhythm Data
312,08302023_rat_s1_n08_1l,2023-08-30,8,1l,08302023_rat_s1_n08_1l-0,08302023_rat_s1_n_8,2023-08-30_12-48-57/Record Node 101/experiment1/recording1/continuous/Acquisition_Board-100.Rhythm Data
313,08302023_rat_s1_n08_2d,2023-08-30,8,2d,08302023_rat_s1_n08_2d-0,08302023_rat_s1_n_8_d,2023-08-30_12-48-57/Record Node 101/experiment1/recording2/continuous/Acquisition_Board-100.Rhythm Data
314,08302023_rat_s1_n08_3l,2023-08-30,8,3l,08302023_rat_s1_n08_3l-0,08302023_rat_s1_n_8_2,2023-08-30_12-48-57/Record Node 101/experiment1/recording3/continuous/Acquisition_Board-100.Rhythm Data
315,08302023_rat_s1_n09_1l,2023-08-30,9,1l,08302023_rat_s1_n09_1l-0,08302023_rat_s1_n_9,2023-08-30_13-16-44/Record Node 101/experiment1/recording1/continuous/Acquisition_Board-100.Rhythm Data
316,08302023_rat_s1_n09_1l,2023-08-30,9,1l,08302023_rat_s1_n09_1l-1,08302023_rat_s1_n_9-2,2023-08-30_13-16-44/Record Node 101/experiment1/recording1/continuous/Acquisition_Board-100.Rhythm Data
317,08302023_rat_s1_n09_2d,2023-08-30,9,2d,08302023_rat_s1_n09_2d-0,08302023_rat_s1_n_9_d,2023-08-30_13-16-44/Record Node 101/experiment1/recording2/continuous/Acquisition_Board-100.Rhythm Data
318,08302023_rat_s1_n09_3l,2023-08-30,9,3l,08302023_rat_s1_n09_3l-0,08302023_rat_s1_n_9_2,2023-08-30_13-16-44/Record Node 101/experiment1/recording3/continuous/Acquisition_Board-100.Rhythm Data
319,08302023_rat_s1_n10_1l,2023-08-30,10,1l,08302023_rat_s1_n10_1l-0,08302023_rat_s1_n_10,2023-08-30_13-52-22/Record Node 101/experiment1/recording1/continuous/Acquisition_Board-100.Rhythm Data
320,08302023_rat_s1_n10_2d,2023-08-30,10,2d,08302023_rat_s1_n10_2d-0,08302023_rat_s1_n_10_d,2023-08-30_13-52-22/Record Node 101/experiment1/recording2/continuous/Acquisition_Board-100.Rhythm Data
321,08302023_rat_s1_n10_2d,2023-08-30,10,2d,08302023_rat_s1_n10_2d-1,08302023_rat_s1_n_10_d-2,2023-08-30_13-52-22/Record Node 101/experiment1/recording2/continuous/Acquisition_Board-100.Rhythm Data
322,08302023_rat_s1_n10_3l,2023-08-30,10,3l,08302023_rat_s1_n10_3l-0,08302023_rat_s1_n_10_2,2023-08-30_13-52-22/Record Node 101/experiment1/recording3/continuous/Acquisition_Board-100.Rhythm Data
323,08302023_rat_s1_n11_1l,2023-08-30,11,1l,08302023_rat_s1_n11_1l-0,08302023_rat_s1_n_11,2023-08-30_14-20-28/Record Node 101/experiment1/recording1/continuous/Acquisition_Board-100.Rhythm Data
324,08302023_rat_s1_n11_1l,2023-08-30,11,1l,08302023_rat_s1_n11_1l-1,08302023_rat_s1_n_11-2,2023-08-30_14-20-28/Record Node 101/experiment1/recording1/continuous/Acquisition_Board-100.Rhythm Data
325,08302023_rat_s1_n11_2d,2023-08-30,11,2d,08302023_rat_s1_n11_2d-0,08302023_rat_s1_n_11_d,2023-08-30_14-20-28/Record Node 101/experiment1/recording2/continuous/Acquisition_Board-100.Rhythm Data
326,08302023_rat_s1_n11_3l,2023-08-30,11,3l,08302023_rat_s1_n11_3l-0,08302023_rat_s1_n_11_2,2023-08-30_14-20-28/Record Node 101/experiment1/recording3/continuous/Acquisition_Board-100.Rhythm Data
327,08312023_rat_s1_n06_1l,2023-08-31,6,1l,08312023_rat_s1_n06_1l-0,08312023_rat_s1_n_6,2023-08-31_10-22-28/Record Node 101/experiment1/recording1/continuous/Acquisition_Board-100.Rhythm Data
328,08312023_rat_s1_n06_2l,2023-08-31,6,2l,08312023_rat_s1_n06_2l-0,08312023_rat_s1_n_6_l2,2023-08-31_10-22-28/Record Node 101/experiment1/recording2/continuous/Acquisition_Board-100.Rhythm Data
329,08312023_rat_s1_n06_3l,2023-08-31,6,3l,08312023_rat_s1_n06_3l-0,08312023_rat_s1_n_6_2,2023-08-31_10-22-28/Record Node 101/experiment1/recording3/continuous/Acquisition_Board-100.Rhythm Data
330,08312023_rat_s1_n08_1l,2023-08-31,8,1l,08312023_rat_s1_n08_1l-0,08312023_rat_s1_n_8,2023-08-31_11-12-31/Record Node 101/experiment1/recording1/continuous/Acquisition_Board-100.Rhythm Data
331,08312023_rat_s1_n08_2l,2023-08-31,8,2l,08312023_rat_s1_n08_2l-0,08312023_rat_s1_n_8_l2,2023-08-31_11-12-31/Record Node 101/experiment1/recording2/continuous/Acquisition_Board-100.Rhythm Data
332,08312023_rat_s1_n08_2l,2023-08-31,8,2l,08312023_rat_s1_n08_2l-1,08312023_rat_s1_n_8_l2-2,2023-08-31_11-12-31/Record Node 101/experiment1/recording2/continuous/Acquisition_Board-100.Rhythm Data
333,08312023_rat_s1_n08_3l,2023-08-31,8,3l,08312023_rat_s1_n08_3l-0,08312023_rat_s1_n_8_2,2023-08-31_11-12-31/Record Node 101/experiment1/recording3/continuous/Acquisition_Board-100.Rhythm Data
334,08312023_rat_s1_n09_1l,2023-08-31,9,1l,08312023_rat_s1_n09_1l-0,08312023_rat_s1_n_9,2023-08-31_11-44-19/Record Node 101/experiment1/recording1/continuous/Acquisition_Board-100.Rhythm Data
335,08312023_rat_s1_n09_2l,2023-08-31,9,2l,08312023_rat_s1_n09_2l-0,08312023_rat_s1_n_9_l2,2023-08-31_11-44-19/Record Node 101/experiment1/recording2/continuous/Acquisition_Board-100.Rhythm Data
336,08312023_rat_s1_n09_3l,2023-08-31,9,3l,08312023_rat_s1_n09_3l-0,08312023_rat_s1_n_9_2,2023-08-31_11-44-19/Record Node 101/experiment1/recording3/continuous/Acquisition_Board-100.Rhythm Data
337,08312023_rat_s1_n10_1l,2023-08-31,10,1l,08312023_rat_s1_n10_1l-0,08312023_rat_s1_n_10,2023-08-31_15-39-05/Record Node 101/experiment1/recording1/continuous/Acquisition_Board-100.Rhythm Data
338,08312023_rat_s1_n10_2l,2023-08-31,10,2l,08312023_rat_s1_n10_2l-0,08312023_rat_s1_n_10_l2,2023-08-31_15-39-05/Record Node 101/experiment1/recording2/continuous/Acquisition_Board-100.Rhythm Data
339,08312023_rat_s1_n10_3l,2023-08-31,10,3l,08312023_rat_s1_n10_3l-0,08312023_rat_s1_n_10_2,2023-08-31_15-39-05/Record Node 101/experiment1/recording3/continuous/Acquisition_Board-100.Rhythm Data
340,08312023_rat_s1_n11_1l,2023-08-31,11,1l,08312023_rat_s1_n11_1l-0,08312023_rat_s1_n_11,2023-08-31_16-14-03/Record Node 101/experiment1/recording1/continuous/Acquisition_Board-100.Rhythm Data
341,08312023_rat_s1_n11_2l,2023-08-31,11,2l,08312023_rat_s1_n11_2l-0,08312023_rat_s1_n_11_l2,2023-08-31_16-14-03/Record Node 101/experiment1/recording2/continuous/Acquisition_Board-100.Rhythm Data
342,08312023_rat_s1_n11_2l,2023-08-31,11,2l,08312023_rat_s1_n11_2l-1,08312023_rat_s1_n_11_l2-2,2023-08-31_16-14-03/Record Node 101/experiment1/recording2/continuous/Acquisition_Board-100.Rhythm Data
343,08312023_rat_s1_n11_3l,2023-08-31,11,3l,08312023_rat_s1_n11_3l-0,08312023_rat_s1_n_11_2,2023-08-31_16-14-03/Record Node 101/experiment1/recording3/continuous/Acquisition_Board-100.Rhythm Data
344,09012023_rat_s1_n06_1l,2023-09-01,6,1l,09012023_rat_s1_n06_1l-0,09012023_rat_s1_n_6,2023-09-01_09-22-22/Record Node 101/experiment1/recording1/continuous/Acquisition_Board-100.Rhythm Data
345,09012023_rat_s1_n06_2d,2023-09-01,6,2d,09012023_rat_s1_n06_2d-0,09012023_rat_s1_n_6_d,2023-09-01_09-22-22/Record Node 101/experiment1/recording2/continuous/Acquisition_Board-100.Rhythm Data
346,09012023_rat_s1_n06_3l,2023-09-01,6,3l,09012023_rat_s1_n06_3l-0,09012023_rat_s1_n_6_2,2023-09-01_09-22-22/Record Node 101/experiment1/recording3/continuous/Acquisition_Board-100.Rhythm Data
347,09012023_rat_s1_n08_1l,2023-09-01,8,1l,09012023_rat_s1_n08_1l-0,09012023_rat_s1_n_8,2023-09-01_09-56-36/Record Node 101/experiment1/recording1/continuous/Acquisition_Board-100.Rhythm Data
348,09012023_rat_s1_n08_2d,2023-09-01,8,2d,09012023_rat_s1_n08_2d-0,09012023_rat_s1_n_8_d,2023-09-01_09-56-36/Record Node 101/experiment1/recording2/continuous/Acquisition_Board-100.Rhythm Data
349,09012023_rat_s1_n08_3l,2023-09-01,8,3l,09012023_rat_s1_n08_3l-0,09012023_rat_s1_n_8_2,2023-09-01_09-56-36/Record Node 101/experiment1/recording3/continuous/Acquisition_Board-100.Rhythm Data
350,09012023_rat_s1_n09_1l,2023-09-01,9,1l,09012023_rat_s1_n09_1l-0,09012023_rat_s1_n_9,2023-09-01_10-28-59/Record Node 101/experiment1/recording1/continuous/Acquisition_Board-100.Rhythm Data
351,09012023_rat_s1_n09_2d,2023-09-01,9,2d,09012023_rat_s1_n09_2d-0,09012023_rat_s1_n_9_d,2023-09-01_10-28-59/Record Node 101/experiment1/recording2/continuous/Acquisition_Board-100.Rhythm Data
352,09012023_rat_s1_n09_3l,2023-09-01,9,3l,09012023_rat_s1_n09_3l-0,09012023_rat_s1_n_9_2,2023-09-01_10-28-59/Record Node 101/experiment1/recording3/continuous/Acquisition_Board-100.Rhythm Data
353,09012023_rat_s1_n10_1l,2023-09-01,10,1l,09012023_rat_s1_n10_1l-0,09012023_rat_s1_n_10,2023-09-01_11-10-54/Record Node 101/experiment1/recording1/continuous/Acquisition_Board-100.Rhythm Data
354,09012023_rat_s1_n10_2d,2023-09-01,10,2d,09012023_rat_s1_n10_2d-0,09012023_rat_s1_n_10_d,2023-09-01_11-10-54/Record Node 101/experiment1/recording2/continuous/Acquisition_Board-100.Rhythm Data
355,09012023_rat_s1_n10_3l,2023-09-01,10,3l,09012023_rat_s1_n10_3l-0,09012023_rat_s1_n_10_2,2023-09-01_11-10-54/Record Node 101/experiment1/recording3/continuous/Acquisition_Board-100.Rhythm Data
356,09012023_rat_s1_n11_1l,2023-09-01,11,1l,09012023_rat_s1_n11_1l-0,09012023_rat_s1_n_11,2023-09-01_11-43-54/Record Node 101/experiment1/recording1/continuous/Acquisition_Board-100.Rhythm Data
357,09012023_rat_s1_n11_2d,2023-09-01,11,2d,09012023_rat_s1_n11_2d-0,09012023_rat_s1_n_11_d,2023-09-01_11-43-54/Record Node 101/experiment1/recording2/continuous/Acquisition_Board-100.Rhythm Data
358,09012023_rat_s1_n11_3l,2023-09-01,11,3l,09012023_rat_s1_n11_3l-0,09012023_rat_s1_n_11_2,2023-09-01_11-43-54/Record Node 101/experiment1/recording3/continuous/Acquisition_Board-100.Rhythm Data
359,09022023_rat_s1_n08_1l,2023-09-02,8,1l,09022023_rat_s1_n08_1l-0,09022023_rat_s1_n_8,2023-09-02_16-05-57/Record Node 101/experiment1/recording1/continuous/Acquisition_Board-100.Rhythm Data
360,09022023_rat_s1_n08_2d,2023-09-02,8,2d,09022023_rat_s1_n08_2d-0,09022023_rat_s1_n_8_d,2023-09-02_16-05-57/Record Node 101/experiment1/recording2/continuous/Acquisition_Board-100.Rhythm Data
361,09022023_rat_s1_n08_3l,2023-09-02,8,3l,09022023_rat_s1_n08_3l-0,09022023_rat_s1_n_8_2,2023-09-02_16-05-57/Record Node 101/experiment1/recording3/continuous/Acquisition_Board-100.Rhythm Data
362,09022023_rat_s1_n09_1l,2023-09-02,9,1l,09022023_rat_s1_n09_1l-0,09022023_rat_s1_n_9,2023-09-02_16-41-03/Record Node 101/experiment1/recording1/continuous/Acquisition_Board-100.Rhythm Data
363,09022023_rat_s1_n09_2l,2023-09-02,9,2l,09022023_rat_s1_n09_2l-0,09022023_rat_s1_n_9_l2,2023-09-02_16-41-03/Record Node 101/experiment1/recording2/continuous/Acquisition_Board-100.Rhythm Data
364,09022023_rat_s1_n09_3l,2023-09-02,9,3l,09022023_rat_s1_n09_3l-0,09022023_rat_s1_n_9_2,2023-09-02_16-41-03/Record Node 101/experiment1/recording3/continuous/Acquisition_Board-100.Rhythm Data
365,09022023_rat_s1_n10_1l,2023-09-02,10,1l,09022023_rat_s1_n10_1l-0,09022023_rat_s1_n_10,2023-09-02_17-22-14/Record Node 101/experiment1/recording1/continuous/Acquisition_Board-100.Rhythm Data
366,09022023_rat_s1_n10_2l,2023-09-02,10,2l,09022023_rat_s1_n10_2l-0,09022023_rat_s1_n_10_l2,2023-09-02_17-22-14/Record Node 101/experiment1/recording2/continuous/Acquisition_Board-100.Rhythm Data
367,09022023_rat_s1_n10_3l,2023-09-02,10,3l,09022023_rat_s1_n10_3l-0,09022023_rat_s1_n_10_2,2023-09-02_17-22-14/Record Node 101/experiment1/recording3/continuous/Acquisition_Board-100.Rhythm Data
368,09022023_rat_s1_n11_1l,2023-09-02,11,1l,09022023_rat_s1_n11_1l-0,09022023_rat_s1_n_11,2023-09-02_17-53-53/Record Node 101/experiment1/recording1/continuous/Acquisition_Board-100.Rhythm Data
369,09022023_rat_s1_n11_2l,2023-09-02,11,2l,09022023_rat_s1_n11_2l-0,09022023_rat_s1_n_11_l2,2023-09-02_17-53-53/Record Node 101/experiment1/recording2/continuous/Acquisition_Board-100.Rhythm Data
370,09022023_rat_s1_n11_2l,2023-09-02,11,2l,09022023_rat_s1_n11_2l-1,09022023_rat_s1_n_11_l2-2,2023-09-02_17-53-53/Record Node 101/experiment1/recording2/continuous/Acquisition_Board-100.Rhythm Data
371,09022023_rat_s1_n11_3l,2023-09-02,11,3l,09022023_rat_s1_n11_3l-0,09022023_rat_s1_n_11_2,2023-09-02_17-53-53/Record Node 101/experiment1/recording3/continuous/Acquisition_Board-100.Rhythm Data
372,09032023_rat_s1_n08_1l,2023-09-03,8,1l,09032023_rat_s1_n08_1l-0,09032023_rat_s1_n_8,2023-09-03_15-31-13/Record Node 101/experiment1/recording1/continuous/Acquisition_Board-100.Rhythm Data
373,09032023_rat_s1_n08_1l,2023-09-03,8,1l,09032023_rat_s1_n08_1l-1,09032023_rat_s1_n_8-2,2023-09-03_15-31-13/Record Node 101/experiment1/recording1/continuous/Acquisition_Board-100.Rhythm Data
374,09032023_rat_s1_n08_2d,2023-09-03,8,2d,09032023_rat_s1_n08_2d-0,09032023_rat_s1_n_8_d,2023-09-03_15-31-13/Record Node 101/experiment1/recording2/continuous/Acquisition_Board-100.Rhythm Data
375,09032023_rat_s1_n08_3l,2023-09-03,8,3l,09032023_rat_s1_n08_3l-0,09032023_rat_s1_n_8_2,2023-09-03_15-31-13/Record Node 101/experiment1/recording3/continuous/Acquisition_Board-100.Rhythm Data
376,09032023_rat_s1_n09_1l,2023-09-03,9,1l,09032023_rat_s1_n09_1l-0,09032023_rat_s1_n_9,2023-09-03_15-56-31/Record Node 101/experiment1/recording1/continuous/Acquisition_Board-100.Rhythm Data
377,09032023_rat_s1_n09_2d,2023-09-03,9,2d,09032023_rat_s1_n09_2d-0,09032023_rat_s1_n_9_d,2023-09-03_15-56-31/Record Node 101/experiment1/recording2/continuous/Acquisition_Board-100.Rhythm Data
378,09032023_rat_s1_n09_3l,2023-09-03,9,3l,09032023_rat_s1_n09_3l-0,09032023_rat_s1_n_9_2,2023-09-03_15-56-31/Record Node 101/experiment1/recording3/continuous/Acquisition_Board-100.Rhythm Data
379,09032023_rat_s1_n10_1l,2023-09-03,10,1l,09032023_rat_s1_n10_1l-0,09032023_rat_s1_n_10,2023-09-03_16-28-01/Record Node 101/experiment1/recording1/continuous/Acquisition_Board-100.Rhythm Data
380,09032023_rat_s1_n10_1l,2023-09-03,10,1l,09032023_rat_s1_n10_1l-1,09032023_rat_s1_n_10-2,2023-09-03_16-28-01/Record Node 101/experiment1/recording1/continuous/Acquisition_Board-100.Rhythm Data
381,09032023_rat_s1_n10_2d,2023-09-03,10,2d,09032023_rat_s1_n10_2d-0,09032023_rat_s1_n_10_d,2023-09-03_16-28-01/Record Node 101/experiment1/recording2/continuous/Acquisition_Board-100.Rhythm Data
382,09032023_rat_s1_n10_3l,2023-09-03,10,3l,09032023_rat_s1_n10_3l-0,09032023_rat_s1_n_10_2,2023-09-03_16-28-01/Record Node 101/experiment1/recording3/continuous/Acquisition_Board-100.Rhythm Data
383,09032023_rat_s1_n11_1l,2023-09-03,11,1l,09032023_rat_s1_n11_1l-0,09032023_rat_s1_n_11,2023-09-03_17-02-10/Record Node 101/experiment1/recording1/continuous/Acquisition_Board-100.Rhythm Data
384,09032023_rat_s1_n11_2d,2023-09-03,11,2d,09032023_rat_s1_n11_2d-0,09032023_rat_s1_n_11_d,2023-09-03_17-02-10/Record Node 101/experiment1/recording2/continuous/Acquisition_Board-100.Rhythm Data
385,09032023_rat_s1_n11_3l,2023-09-03,11,3l,09032023_rat_s1_n11_3l-0,09032023_rat_s1_n_11_2,2023-09-03_17-02-10/Record Node 101/experiment1/recording3/continuous/Acquisition_Board-100.Rhythm Data
386,09042023_rat_s1_n08_1l,2023-09-04,8,1l,09042023_rat_s1_n08_1l-0,09042023_rat_s1_n_8,2023-09-04_13-18-50/Record Node 101/experiment1/recording1/continuous/Acquisition_Board-100.Rhythm Data
387,09042023_rat_s1_n08_1l,2023-09-04,8,1l,09042023_rat_s1_n08_1l-1,09042023_rat_s1_n_8-2,2023-09-04_13-18-50/Record Node 101/experiment1/recording1/continuous/Acquisition_Board-100.Rhythm Data
388,09042023_rat_s1_n08_2l,2023-09-04,8,2l,09042023_rat_s1_n08_2l-0,09042023_rat_s1_n_8_l2,2023-09-04_13-18-50/Record Node 101/experiment1/recording2/continuous/Acquisition_Board-100.Rhythm Data
389,09042023_rat_s1_n08_3l,2023-09-04,8,3l,09042023_rat_s1_n08_3l-0,09042023_rat_s1_n_8_2,2023-09-04_13-18-50/Record Node 101/experiment1/recording3/continuous/Acquisition_Board-100.Rhythm Data
390,09052023_rat_s1_n08_1l,2023-09-05,8,1l,09052023_rat_s1_n08_1l-0,09052023_rat_s1_n_8,2023-09-05_15-14-09/Record Node 101/experiment1/recording1/continuous/Acquisition_Board-100.Rhythm Data
391,09052023_rat_s1_n08_2d,2023-09-05,8,2d,09052023_rat_s1_n08_2d-0,09052023_rat_s1_n_8_d,2023-09-05_15-14-09/Record Node 101/experiment1/recording2/continuous/Acquisition_Board-100.Rhythm Data
392,09052023_rat_s1_n08_3l,2023-09-05,8,3l,09052023_rat_s1_n08_3l-0,09052023_rat_s1_n_8_2,2023-09-05_15-14-09/Record Node 101/experiment1/recording3/continuous/Acquisition_Board-100.Rhythm Data
393,09052023_rat_s1_n09_1l,2023-09-05,9,1l,09052023_rat_s1_n09_1l-0,09052023_rat_s1_n_9,2023-09-05_15-42-05/Record Node 101/experiment1/recording1/continuous/Acquisition_Board-100.Rhythm Data
394,09052023_rat_s1_n09_2l,2023-09-05,9,2l,09052023_rat_s1_n09_2l-0,09052023_rat_s1_n_9_l2,2023-09-05_15-42-05/Record Node 101/experiment1/recording2/continuous/Acquisition_Board-100.Rhythm Data
395,09052023_rat_s1_n09_3l,2023-09-05,9,3l,09052023_rat_s1_n09_3l-0,09052023_rat_s1_n_9_2,2023-09-05_15-42-05/Record Node 101/experiment1/recording3/continuous/Acquisition_Board-100.Rhythm Data
396,09052023_rat_s1_n10_1l,2023-09-05,10,1l,09052023_rat_s1_n10_1l-0,09052023_rat_s1_n_10,2023-09-05_16-10-50/Record Node 101/experiment1/recording1/continuous/Acquisition_Board-100.Rhythm Data
397,09052023_rat_s1_n10_2l,2023-09-05,10,2l,09052023_rat_s1_n10_2l-0,09052023_rat_s1_n_10_l2,2023-09-05_16-10-50/Record Node 101/experiment1/recording2/continuous/Acquisition_Board-100.Rhythm Data
398,09052023_rat_s1_n10_3l,2023-09-05,10,3l,09052023_rat_s1_n10_3l-0,09052023_rat_s1_n_10_2,2023-09-05_16-10-50/Record Node 101/experiment1/recording3/continuous/Acquisition_Board-100.Rhythm Data
399,09052023_rat_s1_n11_1l,2023-09-05,11,1l,09052023_rat_s1_n11_1l-0,09052023_rat_s1_n_11,2023-09-05_16-38-59/Record Node 101/experiment1/recording1/continuous/Acquisition_Board-100.Rhythm Data
400,09052023_rat_s1_n11_2l,2023-09-05,11,2l,09052023_rat_s1_n11_2l-0,09052023_rat_s1_n_11_l2,2023-09-05_16-38-59/Record Node 101/experiment1/recording2/continuous/Acquisition_Board-100.Rhythm Data
401,09052023_rat_s1_n11_3l,2023-09-05,11,3l,09052023_rat_s1_n11_3l-0,09052023_rat_s1_n_11_2,2023-09-05_16-38-59/Record Node 101/experiment1/recording3/continuous/Acquisition_Board-100.Rhythm Data
402,09062023_rat_s1_n08_1l,2023-09-06,8,1l,09062023_rat_s1_n08_1l-0,09062023_rat_s1_n_8,2023-09-06_10-23-13/Record Node 101/experiment1/recording1/continuous/Acquisition_Board-100.Rhythm Data
403,09062023_rat_s1_n08_2d,2023-09-06,8,2d,09062023_rat_s1_n08_2d-0,09062023_rat_s1_n_8_d,2023-09-06_10-23-13/Record Node 101/experiment1/recording2/continuous/Acquisition_Board-100.Rhythm Data
404,09062023_rat_s1_n08_3l,2023-09-06,8,3l,09062023_rat_s1_n08_3l-0,09062023_rat_s1_n_8_2,2023-09-06_10-23-13/Record Node 101/experiment1/recording3/continuous/Acquisition_Board-100.Rhythm Data
405,09062023_rat_s1_n09_1l,2023-09-06,9,1l,09062023_rat_s1_n09_1l-0,09062023_rat_s1_n_9,2023-09-06_10-50-21/Record Node 101/experiment1/recording1/continuous/Acquisition_Board-100.Rhythm Data
406,09062023_rat_s1_n09_2d,2023-09-06,9,2d,09062023_rat_s1_n09_2d-0,09062023_rat_s1_n_9_d,2023-09-06_10-50-21/Record Node 101/experiment1/recording2/continuous/Acquisition_Board-100.Rhythm Data
407,09062023_rat_s1_n09_3l,2023-09-06,9,3l,09062023_rat_s1_n09_3l-0,09062023_rat_s1_n_9_2,2023-09-06_10-50-21/Record Node 101/experiment1/recording3/continuous/Acquisition_Board-100.Rhythm Data
408,09062023_rat_s1_n10_1l,2023-09-06,10,1l,09062023_rat_s1_n10_1l-0,09062023_rat_s1_n_10,2023-09-06_11-21-15/Record Node 101/experiment1/recording1/continuous/Acquisition_Board-100.Rhythm Data
409,09062023_rat_s1_n10_2d,2023-09-06,10,2d,09062023_rat_s1_n10_2d-0,09062023_rat_s1_n_10_d,2023-09-06_11-21-15/Record Node 101/experiment1/recording2/continuous/Acquisition_Board-100.Rhythm Data
410,09062023_rat_s1_n10_3l,2023-09-06,10,3l,09062023_rat_s1_n10_3l-0,09062023_rat_s1_n_10_2,2023-09-06_11-21-15/Record Node 101/experiment1/recording3/continuous/Acquisition_Board-100.Rhythm Data
411,09062023_rat_s1_n11_1l,2023-09-06,11,1l,09062023_rat_s1_n11_1l-0,09062023_rat_s1_n_11,2023-09-06_11-46-19/Record Node 101/experiment1/recording1/continuous/Acquisition_Board-100.Rhythm Data
412,09062023_rat_s1_n11_2d,2023-09-06,11,2d,09062023_rat_s1_n11_2d-0,09062023_rat_s1_n_11_d,2023-09-06_11-46-19/Record Node 101/experiment1/recording2/continuous/Acquisition_Board-100.Rhythm Data
413,09062023_rat_s1_n11_3l,2023-09-06,11,3l,09062023_rat_s1_n11_3l-0,09062023_rat_s1_n_11_2,2023-09-06_11-46-19/Record Node 101/experiment1/recording3/continuous/Acquisition_Board-100.Rhythm Data
414,09072023_rat_s1_n08_1l,2023-09-07,8,1l,09072023_rat_s1_n08_1l-0,09072023_rat_s1_n_8,2023-09-07_16-21-19/Record Node 101/experiment1/recording1/continuous/Acquisition_Board-100.Rhythm Data
415,09072023_rat_s1_n08_2l,2023-09-07,8,2l,09072023_rat_s1_n08_2l-0,09072023_rat_s1_n_8_l2,2023-09-07_16-21-19/Record Node 101/experiment1/recording2/continuous/Acquisition_Board-100.Rhythm Data
416,09072023_rat_s1_n09_1l,2023-09-07,9,1l,09072023_rat_s1_n09_1l-0,09072023_rat_s1_n_9,2023-09-07_16-50-58/Record Node 101/experiment1/recording1/continuous/Acquisition_Board-100.Rhythm Data
417,09072023_rat_s1_n09_2l,2023-09-07,9,2l,09072023_rat_s1_n09_2l-0,09072023_rat_s1_n_9_l2,2023-09-07_16-50-58/Record Node 101/experiment1/recording2/continuous/Acquisition_Board-100.Rhythm Data
418,09072023_rat_s1_n09_3l,2023-09-07,9,3l,09072023_rat_s1_n09_3l-0,09072023_rat_s1_n_9_2,2023-09-07_16-50-58/Record Node 101/experiment1/recording3/continuous/Acquisition_Board-100.Rhythm Data
419,09072023_rat_s1_n10_1l,2023-09-07,10,1l,09072023_rat_s1_n10_1l-0,09072023_rat_s1_n_10,2023-09-07_17-16-56/Record Node 101/experiment1/recording1/continuous/Acquisition_Board-100.Rhythm Data
420,09072023_rat_s1_n10_2l,2023-09-07,10,2l,09072023_rat_s1_n10_2l-0,09072023_rat_s1_n_10_l2,2023-09-07_17-16-56/Record Node 101/experiment1/recording2/continuous/Acquisition_Board-100.Rhythm Data
421,09072023_rat_s1_n10_3l,2023-09-07,10,3l,09072023_rat_s1_n10_3l-0,09072023_rat_s1_n_10_2,2023-09-07_17-16-56/Record Node 101/experiment1/recording3/continuous/Acquisition_Board-100.Rhythm Data
422,09072023_rat_s1_n10_2l,2023-09-07,10,2l,09072023_rat_s1_n10_2l-1,09072023_rat_s1_n_10_l2-2,2023-09-07_17-16-56/Record Node 101/experiment1/recording2/continuous/Acquisition_Board-100.Rhythm Data
423,09072023_rat_s1_n11_1l,2023-09-07,11,1l,09072023_rat_s1_n11_1l-0,09072023_rat_s1_n_11,2023-09-07_17-43-03/Record Node 101/experiment1/recording1/continuous/Acquisition_Board-100.Rhythm Data
424,09072023_rat_s1_n11_2l,2023-09-07,11,2l,09072023_rat_s1_n11_2l-0,09072023_rat_s1_n_11_l2,2023-09-07_17-43-03/Record Node 101/experiment1/recording2/continuous/Acquisition_Board-100.Rhythm Data
425,09072023_rat_s1_n11_3l,2023-09-07,11,3l,09072023_rat_s1_n11_3l-0,09072023_rat_s1_n_11_2,2023-09-07_17-43-03/Record Node 101/experiment1/recording3/continuous/Acquisition_Board-100.Rhythm Data
426,09072023_rat_s1_n11_3l,2023-09-07,11,3l,09072023_rat_s1_n11_3l-1,09072023_rat_s1_n_11_2-2,2023-09-07_17-43-03/Record Node 101/experiment1/recording3/continuous/Acquisition_Board-100.Rhythm Data
427,09112023_rat_s1_n08_1l,2023-09-11,8,1l,09112023_rat_s1_n08_1l-0,09112023_rat_s1_n_8,2023-09-11_20-49-14/Record Node 101/experiment1/recording1/continuous/Acquisition_Board-100.Rhythm Data
428,09112023_rat_s1_n08_2d,2023-09-11,8,2d,09112023_rat_s1_n08_2d-0,09112023_rat_s1_n_8_d,2023-09-11_20-49-14/Record Node 101/experiment1/recording2/continuous/Acquisition_Board-100.Rhythm Data
429,09112023_rat_s1_n08_3l,2023-09-11,8,3l,09112023_rat_s1_n08_3l-0,09112023_rat_s1_n_8_2,2023-09-11_20-49-14/Record Node 101/experiment1/recording3/continuous/Acquisition_Board-100.Rhythm Data
430,09112023_rat_s1_n09_1l,2023-09-11,9,1l,09112023_rat_s1_n09_1l-0,09112023_rat_s1_n_9,2023-09-11_21-18-04/Record Node 101/experiment1/recording1/continuous/Acquisition_Board-100.Rhythm Data
431,09112023_rat_s1_n09_2d,2023-09-11,9,2d,09112023_rat_s1_n09_2d-0,09112023_rat_s1_n_9_d,2023-09-11_21-18-04/Record Node 101/experiment1/recording2/continuous/Acquisition_Board-100.Rhythm Data
432,09112023_rat_s1_n09_3l,2023-09-11,9,3l,09112023_rat_s1_n09_3l-0,09112023_rat_s1_n_9_2,2023-09-11_21-18-04/Record Node 101/experiment1/recording3/continuous/Acquisition_Board-100.Rhythm Data
433,09112023_rat_s1_n10_1l,2023-09-11,10,1l,09112023_rat_s1_n10_1l-0,09112023_rat_s1_n_10,2023-09-11_21-46-03/Record Node 101/experiment1/recording1/continuous/Acquisition_Board-100.Rhythm Data
434,09112023_rat_s1_n10_2d,2023-09-11,10,2d,09112023_rat_s1_n10_2d-0,09112023_rat_s1_n_10_d,2023-09-11_21-46-03/Record Node 101/experiment1/recording2/continuous/Acquisition_Board-100.Rhythm Data
435,09112023_rat_s1_n10_3l,2023-09-11,10,3l,09112023_rat_s1_n10_3l-0,09112023_rat_s1_n_10_2,2023-09-11_21-46-03/Record Node 101/experiment1/recording3/continuous/Acquisition_Board-100.Rhythm Data
436,09112023_rat_s1_n11_1l,2023-09-11,11,1l,09112023_rat_s1_n11_1l-0,09112023_rat_s1_n_11,2023-09-11_22-12-02/Record Node 101/experiment1/recording1/continuous/Acquisition_Board-100.Rhythm Data
437,09112023_rat_s1_n11_2d,2023-09-11,11,2d,09112023_rat_s1_n11_2d-0,09112023_rat_s1_n_11_d,2023-09-11_22-12-02/Record Node 101/experiment1/recording2/continuous/Acquisition_Board-100.Rhythm Data
438,09112023_rat_s1_n11_3l,2023-09-11,11,3l,09112023_rat_s1_n11_3l-0,09112023_rat_s1_n_11_2,2023-09-11_22-12-02/Record Node 101/experiment1/recording3/continuous/Acquisition_Board-100.Rhythm Data
439,09122023_rat_s1_n08_1l,2023-09-12,8,1l,09122023_rat_s1_n08_1l-0,09122023_rat_s1_n_8,2023-09-12_14-07-15/Record Node 101/experiment1/recording1/continuous/Acquisition_Board-100.Rhythm Data
440,09122023_rat_s1_n08_2l,2023-09-12,8,2l,09122023_rat_s1_n08_2l-0,09122023_rat_s1_n_8_l2,2023-09-12_14-07-15/Record Node 101/experiment1/recording2/continuous/Acquisition_Board-100.Rhythm Data
441,09122023_rat_s1_n08_3l,2023-09-12,8,3l,09122023_rat_s1_n08_3l-0,09122023_rat_s1_n_8_2,2023-09-12_14-07-15/Record Node 101/experiment1/recording3/continuous/Acquisition_Board-100.Rhythm Data
442,09122023_rat_s1_n09_1l,2023-09-12,9,1l,09122023_rat_s1_n09_1l-0,09122023_rat_s1_n_9,2023-09-12_14-32-56/Record Node 101/experiment1/recording1/continuous/Acquisition_Board-100.Rhythm Data
443,09122023_rat_s1_n09_2l,2023-09-12,9,2l,09122023_rat_s1_n09_2l-0,09122023_rat_s1_n_9_l2,2023-09-12_14-32-56/Record Node 101/experiment1/recording2/continuous/Acquisition_Board-100.Rhythm Data
444,09122023_rat_s1_n09_2l,2023-09-12,9,2l,09122023_rat_s1_n09_2l-1,09122023_rat_s1_n_9_l2-2,2023-09-12_14-32-56/Record Node 101/experiment1/recording2/continuous/Acquisition_Board-100.Rhythm Data
445,09122023_rat_s1_n09_3l,2023-09-12,9,3l,09122023_rat_s1_n09_3l-0,09122023_rat_s1_n_9_2,2023-09-12_14-32-56/Record Node 101/experiment1/recording3/continuous/Acquisition_Board-100.Rhythm Data
446,09122023_rat_s1_n10_1l,2023-09-12,10,1l,09122023_rat_s1_n10_1l-0,09122023_rat_s1_n_10,2023-09-12_15-08-57/Record Node 101/experiment1/recording1/continuous/Acquisition_Board-100.Rhythm Data
447,09122023_rat_s1_n10_2l,2023-09-12,10,2l,09122023_rat_s1_n10_2l-0,09122023_rat_s1_n_10_l2,2023-09-12_15-08-57/Record Node 101/experiment1/recording2/continuous/Acquisition_Board-100.Rhythm Data
448,09122023_rat_s1_n10_3l,2023-09-12,10,3l,09122023_rat_s1_n10_3l-0,09122023_rat_s1_n_10_2,2023-09-12_15-08-57/Record Node 101/experiment1/recording3/continuous/Acquisition_Board-100.Rhythm Data
449,09122023_rat_s1_n11_1l,2023-09-12,11,1l,09122023_rat_s1_n11_1l-0,09122023_rat_s1_n_11,2023-09-12_15-37-32/Record Node 101/experiment1/recording1/continuous/Acquisition_Board-100.Rhythm Data
450,09122023_rat_s1_n11_2l,2023-09-12,11,2l,09122023_rat_s1_n11_2l-0,09122023_rat_s1_n_11_l2,2023-09-12_15-37-32/Record Node 101/experiment1/recording2/continuous/Acquisition_Board-100.Rhythm Data
451,09122023_rat_s1_n11_3l,2023-09-12,11,3l,09122023_rat_s1_n11_3l-0,09122023_rat_s1_n_11_2,2023-09-12_15-37-32/Record Node 101/experiment1/recording3/continuous/Acquisition_Board-100.Rhythm Data
452,09132023_rat_s1_n08_1l,2023-09-13,8,1l,09132023_rat_s1_n08_1l-0,09132023_rat_s1_n_8,2023-09-13_15-27-14/Record Node 101/experiment1/recording1/continuous/Acquisition_Board-100.Rhythm Data
453,09132023_rat_s1_n08_2d,2023-09-13,8,2d,09132023_rat_s1_n08_2d-0,09132023_rat_s1_n_8_d,2023-09-13_15-27-14/Record Node 101/experiment1/recording2/continuous/Acquisition_Board-100.Rhythm Data
454,09132023_rat_s1_n08_3l,2023-09-13,8,3l,09132023_rat_s1_n08_3l-0,09132023_rat_s1_n_8_2,2023-09-13_15-27-14/Record Node 101/experiment1/recording3/continuous/Acquisition_Board-100.Rhythm Data
455,09132023_rat_s1_n09_1l,2023-09-13,9,1l,09132023_rat_s1_n09_1l-0,09132023_rat_s1_n_9,2023-09-13_15-53-12/Record Node 101/experiment1/recording1/continuous/Acquisition_Board-100.Rhythm Data
456,09132023_rat_s1_n09_2d,2023-09-13,9,2d,09132023_rat_s1_n09_2d-0,09132023_rat_s1_n_9_d,2023-09-13_15-53-12/Record Node 101/experiment1/recording2/continuous/Acquisition_Board-100.Rhythm Data
457,09132023_rat_s1_n09_3l,2023-09-13,9,3l,09132023_rat_s1_n09_3l-0,09132023_rat_s1_n_9_2,2023-09-13_15-53-12/Record Node 101/experiment1/recording3/continuous/Acquisition_Board-100.Rhythm Data
458,09132023_rat_s1_n10_1l,2023-09-13,10,1l,09132023_rat_s1_n10_1l-0,09132023_rat_s1_n_10,2023-09-13_16-19-11/Record Node 101/experiment1/recording1/continuous/Acquisition_Board-100.Rhythm Data
459,09132023_rat_s1_n10_2d,2023-09-13,10,2d,09132023_rat_s1_n10_2d-0,09132023_rat_s1_n_10_d,2023-09-13_16-19-11/Record Node 101/experiment1/recording2/continuous/Acquisition_Board-100.Rhythm Data
460,09132023_rat_s1_n10_2d,2023-09-13,10,2d,09132023_rat_s1_n10_2d-1,09132023_rat_s1_n_10_d-2,2023-09-13_16-19-11/Record Node 101/experiment1/recording2/continuous/Acquisition_Board-100.Rhythm Data
461,09132023_rat_s1_n10_3l,2023-09-13,10,3l,09132023_rat_s1_n10_3l-0,09132023_rat_s1_n_10_2,2023-09-13_16-19-11/Record Node 101/experiment1/recording3/continuous/Acquisition_Board-100.Rhythm Data
462,09132023_rat_s1_n11_1l,2023-09-13,11,1l,09132023_rat_s1_n11_1l-0,09132023_rat_s1_n_11,2023-09-13_16-48-21/Record Node 101/experiment1/recording1/continuous/Acquisition_Board-100.Rhythm Data
463,09132023_rat_s1_n11_2d,2023-09-13,11,2d,09132023_rat_s1_n11_2d-0,09132023_rat_s1_n_11_d,2023-09-13_16-48-21/Record Node 101/experiment1/recording2/continuous/Acquisition_Board-100.Rhythm Data
464,09132023_rat_s1_n11_3l,2023-09-13,11,3l,09132023_rat_s1_n11_3l-0,09132023_rat_s1_n_11_2,2023-09-13_16-48-21/Record Node 101/experiment1/recording3/continuous/Acquisition_Board-100.Rhythm Data
465,09202023_rat_s1_n10_1l,2023-09-20,10,1l,09202023_rat_s1_n10_1l-0,09202023_rat_s1_n_10,2023-09-20_16-21-38/Record Node 101/experiment1/recording1/continuous/Acquisition_Board-100.Rhythm Data
466,09202023_rat_s1_n10_2l,2023-09-20,10,2l,09202023_rat_s1_n10_2l-0,09202023_rat_s1_n_10_l2,2023-09-20_16-21-38/Record Node 101/experiment1/recording2/continuous/Acquisition_Board-100.Rhythm Data
467,09202023_rat_s1_n10_3l,2023-09-20,10,3l,09202023_rat_s1_n10_3l-0,09202023_rat_s1_n_10_2,2023-09-20_16-21-38/Record Node 101/experiment1/recording3/continuous/Acquisition_Board-100.Rhythm Data
468,09202023_rat_s1_n11_1l,2023-09-20,11,1l,09202023_rat_s1_n11_1l-0,09202023_rat_s1_n_11,2023-09-20_16-53-57/Record Node 101/experiment1/recording1/continuous/Acquisition_Board-100.Rhythm Data
469,09202023_rat_s1_n11_2l,2023-09-20,11,2l,09202023_rat_s1_n11_2l-0,09202023_rat_s1_n_11_l2,2023-09-20_16-53-57/Record Node 101/experiment1/recording2/continuous/Acquisition_Board-100.Rhythm Data
470,09202023_rat_s1_n11_3l,2023-09-20,11,3l,09202023_rat_s1_n11_3l-0,09202023_rat_s1_n_11_2,2023-09-20_16-53-57/Record Node 101/experiment1/recording3/continuous/Acquisition_Board-100.Rhythm Data
